土地位置,用途,土地面积(平方米),建筑规模(平方米)/容积率,起始价(万元),竞得单位,竞得时间,成交价(万元),出让方式
大渡口区大渡口组团N分区N01-1号宗地,一类工业用地,84424,≥1.0,8105,重庆红九九食品有限公司,2017年6月16日,8105,挂牌
巴南区李家沱组团V分区V1-4/03 、V1-2/02号宗地,二类居住用地、商业用地,131528,≤263056,78917,重庆远轩房地产开发有限公司,2017年6月16日,79500,拍卖
巴南区李家沱组团G分区G27-1/03、G28-1/03、G30-1/03、G1-8/03号宗地,二类居住用地、商业用地,148251,≤427467,192361,华润置地（常州）有限公司,2017年6月16日,192361,挂牌
南岸区茶园组团J分区J2-4/02、J3-1/02号宗地,二类居住用地,100409,≤212397.4,95579,重庆市垫江县碧桂园房地产开发有限公司、重庆东原睿合,2017年6月16日,96500,拍卖
大渡口区大渡口组团L分区L20-01(部分)、L23-1-1、大渡口组团N分区N32-1、N31-2-3号宗地,二类居住用地、商业用地,93405,≤228539.2,102843,西安金地置业投资有限公司,2017年6月16日,102843,挂牌
沙坪坝区西永组团L标准分区L39-6/03、L39-7/04、L21-1-1/05、L22-1/05号宗地,二类居住用地,156843,≤275075,96277,深圳联新投资管理有限公司、重庆龙湖企业拓展有限公司,2017年6月16日,160000,拍卖
沙坪坝区沙坪坝组团D分区D11-1/04、D11-2/04号,商业用地、商务用地,81459,≤480000,341069,重庆龙湖地产发展有限公司,2017年6月16日,341069,挂牌
南岸区茶园组团M分区M23-1/02（部分）号宗地,物流仓储用地,88234,≤1.5,5824,领安（重庆）仓储有限公司,2017年6月9日,5824,挂牌
巴南区李家沱组团G分区G14-2/03、G15-3/03、G16-3/03号宗地,二类居住用地、商业用地,179607,≤419754,209877,重庆辉沛企业管理有限公司和重庆市垫江县碧桂园房地产,2017年6月9日,211000,拍卖
巴南区木洞组团C分区C43-1/01（部分）号宗地,二类工业用地,4640,≥1.0,159,重庆新希望饲料有限公司,2017年5月16日,159,挂牌
渝北区唐家沱组团C分区C3-32/02（部分）号宗地,一类工业用地,32096,≥0.7,2183,重庆澳腾汽车部件有限责任公司,2017年5月16日,2183,挂牌
南岸区南坪组团J分区J10-2/04(部分)宗地,商业商务用地,14159,≤26353.89,19235,重庆城市综合交通枢纽（集团）有限公司,2017年5 月16 日,19235,挂牌
两江新区大竹林组团O分区O9-7/05(部分)宗地,商业商务用地,11404,≤17255.07,11893,重庆城市综合交通枢纽（集团）有限公司,2017年5月16日,11893,挂牌
巴南区李家沱-鱼洞组团Q分区Q02-2-1/03号宗地,二类居住用地,117541,≤235082,77578,福州世欧房地产开发有限公司,2017年5月18日,145500,拍卖
巴南区李家沱组团S分区S41-2/03号宗地,二类居住用地,55336,≤127273,19091,重庆铭邦房地产开发有限公司,2017年5月18日,41800,拍卖
渝北区唐家沱组团C分区C3-32/02(部分)号宗地,一类工业用地,26200,≥0.7,1719,重庆博德汽车部件有限公司,2017年5月5日,1719,挂牌
渝北区唐家沱组团C分区C3-30/02号宗地,一类工业用地,24675,≥0.7,1678,重庆达硕实业有限公司,2017年5月5日,1678,挂牌
渝北区唐家沱组团C标准分区C3-25-2/02号宗地,一类工业用地,71647,≥1.0,4815,重庆新中恒科技有限公司,2017年5月5日,4815,挂牌
九龙坡区西彭组团D分区D31-1-1/03号宗地,一类工业用地,65620,≥0.7,4003,重庆维冠混凝土有限公司,2017年5月5日,4003,挂牌
巴南区李家沱组团G分区G21-1/03、G21-3/03、G22-1/03号宗地,二类居住用地、商业用地,113365,≤340095,153043,重庆金科房地产开发有限公司,2017年6月9日,154000,拍卖
巴南区李家沱-鱼洞组团Q分区Q21-5/01、Q22-1/02、Q23-1/01号宗地,二类居住用地,134793,≤322793,161397,保利（重庆）投资实业有限公司,2017年6月9日,163000,拍卖
巴南区李家沱-鱼洞组团O分区O20-3/02、O20-4/02号宗地,二类居住用地,24736,≤72305.35,25307,宁波投创荣安置业有限公司,2017年6月9日,25307,挂牌
巴南区民主工贸园组团D分区D6-4-1/07号宗地,二类居住用地,77280,≤77281（总建筑面积）,42505,重庆市垫江县碧桂园房地产开发有限公司,2017年6月9日,42505,挂牌
巴南区李家沱组团B分区B-13-1/06、B-13-2/06、B-19-5/07号宗地,二类居住用地、商业用地、商务用地,63884,≤208169,83268,重庆远澜房地产开发有限公司,2017年6月9日,2017年6月9日,拍卖
北碚区北碚组团G分区G1-5/04、G1-6/04、G1-7-1/05号宗地,商业服务业设施用地、商业用地、商务用地,95879,≤38351.6,23590,重庆九街城北文化传播有限公司,2017年6月9日,23800,拍卖
北碚区北碚组团D标准分区D2-4/03、D2-1/04号宗地,二类居住用地,128615,≤257230.8,77170,万科（重庆）房地产有限公司,2017年6月9日,92500,拍卖
南岸区茶园新区组团A分区A76-2/03、A79-1/03、A79-3/02号宗地,商业用地、商务用地、二类居住用地,161804,≤239220.7,119611,保利（重庆）投资实业有限公司,2017年6月7日,120500,拍卖
南岸区茶园新区组团A分区A74-3/02、A74-1/03、A74-2/02、A75-1/02号宗地,商业用地、商务用地、二类居住用地,169717,≤278900.8,139451,重庆荣盛鑫煜房地产开发有限公司,2017年6月7日,140000,拍卖
两江新区礼嘉组团B标准分区B13-3-1/04、B21-4-2/07、B21-3-2/06、B13-4-2/06号宗地,娱乐康体用地、商业用地,164676,≤241000,82959,重庆华侨城实业发展有限公司,2017年6 月6 日,82959,挂牌
沙坪坝区西永组团X标准分区X23-01/02、X24-01/02号宗地,物流仓储用地,248031,≤1.5,24059,重庆红星美凯龙物流有限公司,2017年6月5日,24059,挂牌
大渡口区大渡口组团N分区N11-1（部分5）号宗地,一类工业用地,17922,≥0.7,6597,重庆安碧捷高新技术产业集团有限公司,2017年6月5日,6597,挂牌
大渡口区大渡口组团I分区I02-2、I02-6、I04-1、I05、I06号宗地,二类居住用地、商业用地,116435,≤206930,72426,重庆荣盛鑫煜房地产开发有限公司,2017年6月6日,115500,拍卖
大渡口区大渡口组团I分区I12、I13、I19、I25、I30（部分）、I61-1、I62-1、I64-1（部分）、I71-3号宗地,二类居住用、商业用地,236683,≤664052,199216,重庆荣盛鑫煜房地产开发有限公司,2017年6月6日,251000,拍卖
两江新区水土组团B标准分区B78-1/01号宗地,一类工业用地,73128,≥1.0,2049,重庆神华薄膜太阳能科技有限公司,2017年5月 26日,2049,挂牌
两江新区龙兴组团V标准分区V3-2/01号宗地,二类工业用地,87118,≥0.7,2205,庆金世利钛业有限公司,2017年5月26日,2205,挂牌
两江新区龙兴组团B分区B6-1/01（部分二）号宗地,二类工业用地,51557.9,≥0.7,1934,重庆双英汽车座椅有限公司,2017年5月26日,1934,挂牌
九龙坡区西彭组团A分区A92/01号宗地,一类物流仓储用地兼容二类物流仓储用地,17119,≤1.5,1053,重庆天朋鑫沥青搅拌有限公司,2017年5月26日,1053,挂牌
巴南区木洞组团C分区C34-1/01号宗地,二类居住用地、商业用地、交通场站用地,40290,≤100725,6935,重庆麻柳沿江开发投资有限公司,2017年5月27日,7000,拍卖
大渡口区大渡口组团P分区P2-14号宗地,二类居住用地、商业用地,75734,≤180692,41560,深圳市中洲投资控股股份有限公司,2017年5月27日,70500,拍卖
九龙坡区西永组团Ad分区Ad08-1/01号宗地,一类工业用地,52623,≥0.7,3942,中国兵器工业第五九研究所,2017年5月5日,3942,挂牌
大渡口区大渡口组团N分区N11-2-1（部分）号宗地,一类工业用地,4909,≥0.8,442,重庆升光电力印务有限公司,2017年5月5日,442,挂牌
渝北区唐家沱组团C标准分区C3-11-1/02号宗地,一类工业用地,74663,≥1.0,5003,重庆市中光电显示技术有限公司,2017年5月5日,5003,挂牌
大渡口区中梁山组团L分区L20-01(部分)、L18-02-3、L18-02-1、L22地块、大渡口组团L分区L19地块,二类居住用地,152137,≤356602.5,82019,西安金地置业投资有限公司,2017年5月8日,185500,拍卖
北碚区北碚组团I分区I04-01/04、I06-01/04号宗地,二类居住用地,115919,≤231838,57960,华润置地（常州）有限公司,2017年5月5日,71500,拍卖
大渡口区大渡口组团E分区E46-2/04号宗地,文化设施用地,10535,≤45000,13580,重庆市大渡口新城建设有限责任公司,2017年4月20日,13580,挂牌
两江新区龙兴组团H分区H32-1/01、H32-3/01、H33-2/01、H33-4/01、H39-2/01、H40-1/01、H41-2/01、H45-1/01、H45-4/01号宗地,二类居住用地、商业用地、商务用地,188505.5,≤209865.82,43890,重庆中讯物业发展有限公司,2017年4月21日,71800,拍卖
南岸区茶园组团M分区M16-2/03号宗地,物流仓储用地,68968,≤1.5,4573,重庆南普仓储有限公司,2017年4月17日,4573,挂牌
两江新区鱼嘴组团B标准分区B12-1/01（部分一）号宗地,二类工业用地,66631,≥0.7,1693,重庆中瑞荣机械有限公司,2017年4月17日,1693,挂牌
沙坪坝区西永组团A标准分区A40-2-01/02号宗地,二类工业用地,46688,≤2.0,2241,重庆龙润科技有限公司、重庆十七冶共享建设工程有限公,2017年4月17日,2241,挂牌
两江新区鱼嘴组团C分区C7-1-1/01（部分一）号宗地,二类工业用地,108818,≥0.7,2743,重庆长安汽车股份有限公司,2017年3月28日,2743,挂牌
两江新区龙兴组团A分区A5-1/01号宗地,二类工业用地,31672,≥0.7,871,重庆财鑫工贸有限责任公司,2017年3月28日,871,挂牌
两江新区两路组团C分区C66-2/02、 C67-4/03、C71-1/02、C72-1/02、C72-2/02、C72-3/02、C72-5/02、C85-1/03、C85-4/03、C85-7/03号宗地,二类居住用地,203112,≤362486,181243,四川雅居乐房地产开发有限公司,2017年3月30日,339000,拍卖
两江新区龙兴组团C标准分区C59-1/02、C60-1/02号宗地,B29-其它商务用地（生产性服务业用地）,137630,≤247734,18236,重庆两江新区产业发展集团有限公司,2017年3月28日,18236,挂牌
两江新区龙兴组团C标准分区C64 -1/02号宗地,商业用地、商务用地,103271,≤185888,27060,重庆两江新区产业发展集团有限公司,2017年3月28日,27060,挂牌
北碚区蔡家组团M分区M07-1/02、M08/04号宗地,二类居住用地,111295,≤278238,63995,重庆金科汇茂房地产开发有限公司,2017年3月30日,103000,拍卖
北碚区蔡家组团M分区M01-04/04号宗地,二类居住用地,136123,≤340308,78271,重庆金科汇茂房地产开发有限公司,2017年3月30日,120500,拍卖
渝北区两路组团Ga分区Ga21-1/02号宗地,一类工业用地,22261,≥0.7,1514,重庆再升科技股份有限公司,2017年3月21日,1514,挂牌
九龙坡区西彭组团J分区J39-1/01号宗地,二类工业用地,46465,≥0.7,2882,重庆市东兆长盛新型建材有限责任公司,2017年3月21日,2882,挂牌
两江新区悦来组团D分区D01-2/06号宗地,文化设施用地,77767,≤116650,23564,重庆两江华悦文化产业发展有限公司,2017年3月24日,27800,拍卖
沙坪坝区沙坪坝组团B分区B11-2-2/03号宗地,二类居住用地,7738,≤30952,12691,重庆市垫江县碧桂园房地产开发有限公司,2017年4月18日,13900,拍卖
两江新区大竹林组团O标准分区O20-3/06号宗地,医疗卫生用地,27595,≤82785,18790,安正（重庆）医院有限公司,2017年3月31日,18790,挂牌
九龙坡区西彭组团O分区O39-2/02号宗地,二类居住用地,35385,≤77847,9927,重庆市诚投房地产开发有限公司,2017年3月31日,9927,挂牌
九龙坡区大杨石组团N分区N02-4-1/03、N02-4-2/03、N03-2/08、N03-3/06、N04-2/04、 N05-9/04、N05-1/05号宗地,二类居住用地,127982,≤473594,213118,重庆旭鹏房地产开发有限公司、重庆同原房地产开发有限,2017年4月7日,392000,拍卖
巴南区D分区D6-1-1/04号宗地,二类居住用地,6859,≤9603,2347,重庆华宇集团有限公司,2017年4月7日,3600,拍卖
两江新区悦来组团C标准分区C11-2/05号宗地,一类居住用地,66604,≤66605（建筑面积）,46624,北京首钢房地产开发有限公司,2017年4月1日,78000,拍卖
北碚区蔡家组团L分区L11/04号宗地,商业用地、商务用地、其它服务设施用地,20981,62943,11741,重庆市诚投房地产开发有限公司,2017年3月30日,11741,挂牌
渝北区两路组团A分区A062-1/03号宗地,二类居住用地,45575,156000,39000,上海新城万嘉房地产有限公司,2017年4月1日,84400,拍卖
巴南区李家沱组团G分区G3-1-2/03、G7-3-2/03号宗地,娱乐康体用地,41895,33516,11283,重庆汇景实业有限公司,2017年3月30日,11283,挂牌
两江新区鱼嘴组团B分区B14-1/01号宗地,二类工业用地,3322,≥1.0,175,重庆攀富商贸有限公司,2017年3月28日,175,挂牌
两江新区水土组团A标准分区A11-2/02（部分一）号宗地,一类工业用地,120348,≤2.0,4838,重庆两江新区产业发展集团有限公司,2017年2月15日,4838,挂牌
渝北区两路组团A标准分区A104-2/03号宗地,商业用地、商务用地、二类居住用地,54232,≤162696,25110,重庆市涪陵金宏房地产开发有限公司,2017年2月16日,25400,拍卖
大渡口区大渡口组团F分区F1-9-2号宗地,二类居住用地,26430,≤105600,36960,重庆旭鹏房地产开发有限公司,2017年2月16日,37400,拍卖
两江新区龙兴组团F标准分区F12-1/03号宗地,二类居住用地,88012,≤88013,19803,重庆两江新区置业发展有限公司,2017年2月15日,19803,挂牌
渝北区两路组团A分区A092/02、A101-1/03号宗地,一类工业用地、二类工业用地,58619,≥0.7,5276,重庆圆汇货运代理有限公司,2017年2月9日,5276,挂牌
九龙坡区西永组团Z分区Z9-6/03号宗地,一类工业用地,17274,≥0.7,2021,重庆市路苑公路服务有限公司,2017年2月9日,2021,挂牌
沙坪坝区沙坪坝组团A标准分区A03-10/02、A03-11/02号宗地,商业用地、商务用地,49951,≤51616(含保留建筑),30970,金融街重庆置业有限公司,2017年2月9日,30970,挂牌
九龙坡区大杨石组团D分区D5-3/03、D8-2-1/04号宗地,二类居住用地,30494,≤68525,26001,四川蓝光和骏实业有限公司,2017年2月10日,55000,拍卖
巴南区接龙镇组团分区A2-06/02号宗地,二类居住用地、商业用地,35104,≤70208,4432,重庆市景园房地产开发有限公司,2017年2月10日,4432,挂牌
两江新区水土组团A标准分区A16-8/01号宗地,一类工业用地,19910,≥0.7,502,重庆发那科机器人有限公司,2017年1月26日,502,挂牌
南岸区茶园组团M分区M17-1-1/03号宗地,一类工业用地,7372,≥1.0,457,重庆槟城科技有限公司,2017年1月26日,457,挂牌
南岸区茶园组团C分区C12-2/01号宗地,二类工业用地,11228,≥0.7,764,太极集团重庆桐君阁药厂有限公司,2017年1月26日,764,挂牌
巴南区界石组团S分区S13-1/03号宗地,二类工业用地,135747,≥1.0,6383,重庆新康意安得达尔新材料有限公司,2017年1月26日,6383,挂牌
沙坪坝区西永组团L分区L70/04号宗地,娱乐康体用地、商业用地,173147,≤62725,22336,大连万达商业地产股份有限公司,2017年1月26日,22336,挂牌
沙坪坝区西永组团L标准分区L77-3/02、L77-4/02、L77-5/02号宗地,二类居住用地、一类居住用地,135649,≤224059,31181,大连万达商业地产股份有限公司,2017年1月26日,31181,挂牌
沙坪坝区西永组团L标准分区L67-3/06、L72-7/02、L72-8/02、L72-4/01号宗地,二类居住用地,157885,≤279445,40136,大连万达商业地产股份有限公司,2017年1月26日,40136,挂牌
沙坪坝区西永组团L标准分区L73-1/01、L73-2/02、L73-4/02、L73-10/02号宗地,二类居住用地,176952,≤460505,50861,大连万达商业地产股份有限公司,2017年1月26日,50861,挂牌
南岸区南坪组团F标准分区F2-2/04部分宗地,商业用地、商务用地、二类居住用地,12243,≤55828,18145,长江重庆航道工程局、重庆港九波顿发展有限责任公司,2017年1月26日,18145,挂牌
沙坪坝区西永组团S标准分区S9-1/01号宗地,教育科研用地,125013,≤312533,26503,重庆龙润科技有限公司,2017年1月25日,26503,挂牌
北碚区组团三圣分区B1-1/03号宗地,二类居住用地、商务用地,12144,≤30360,1389,重庆三圣实业股份有限公司,2017年1月25日,1389,挂牌
九龙坡区大杨石组团L分区L10-4-1/03、LB9-1/06号宗地,二类居住用地,46719,≤140621,51327,中海地产集团有限公司,2017年3月24日,108500,拍卖
九龙坡区西彭组团D分区D54-3/05号宗地,一类仓储物流用地,35341,≤1.5,2125,重庆西彭宝湾国际物流有限公司,2017年3月13日,2125,挂牌
南岸区茶园组团M分区M14-1/02、M15-1/02、M17-1/02号宗地,仓储用地,266037,≤1.5,17055,重庆永翔市场经营管理有限公司,2017年3月13日,17055,挂牌
两江新区水土组团E标准分区E17-1/01、E18-1/01号宗地,一类工业用地,105134,≤2.0,4227,重庆金科科健置业有限公司,2017年3月13日,4227,挂牌
两江新区水土组团A标准分区A11-2/02（部分二）号宗地,一类工业用地,21435,≥0.7,2100,重庆德新机器人检测中心有限公司,2017年3月13日,2100,挂牌
沙坪坝区沙坪坝组团B分区B12/02号宗地,二类居住用地,26325,≤181642,74474,万科（重庆）房地产有限公司,2017年3月13日,74474,挂牌
两江新区水土组团A标准分区A11-1/02（部分二）号宗地,B29-其它商务用地（生产性服务业用地）,8199,≤16398,1600,重庆德新机器人检测中心有限公司,2017年3月13日,1600,挂牌
两江新区水土组团A标准分区A11-1/02（部分一）号宗地,B29-其它商务用地（生产性服务业用地）,19060,≤38120,2516,重庆两江新区产业发展集团有限公司,2017年3月13日,2516,挂牌
两江新区龙兴组团F分区F15-3/04号宗地,其它服务设施用地（民办学校）,38511,按规划要求,2311,重庆两江新区新南教育信息咨询服务有限公司,2017年3月13日,2311,挂牌
两江新区两路组团J分区J15-1-2/05号宗地,商业用地、商务用地,58099,≤116198,19464,重庆保税港区开发管理集团有限公司,2017年3月13日,19464,挂牌
北碚区蔡家组团P分区P02-3/02、P03-2/01、P02-2/02号宗地,一类居住用地,176359,≤196443,56148,重庆龙湖地产发展有限公司、深圳联新投资管理有限公司,2016年12月27日,56148,拍卖
两江新区龙兴组团H分区H56-1/01、H62-1/01、H64-1/01、H68-1/01号宗地,二类居住用地,85877,≤85881(总建筑面积),15115,重庆两江新区置业发展有限公司,2016年12月27日,20200,拍卖
两江新区龙兴组团H分区H58-1/02、H63-1/02、H65-1/01、H69-1/01号宗地,二类居住用地,150945,≤150949(总建筑面积),26594,重庆两江新区置业发展有限公司,2016年12月27日,36000,拍卖
两江新区龙兴组团H标准分区H60-1/02、H61-1/02、H66-1/02、H67-1/01、H69-2/01号宗地,二类居住用地,139607,≤139612(总建筑面积),24432,重庆两江新区置业发展有限公司,2016年12月27日,32500,拍卖
两江新区水土组团A标准分区A23-5/02号宗地,加油加气站用地,3899,按规划要求,1786,重庆中油两江发展有限公司,2016年12月27日,1786,挂牌
江北区观音桥组团I分区I02-1/03号宗地,商业商务兼容居住用地,8156,≤28546,15015,重庆河东房地产开发有限公司,2016年12月27日,15015,挂牌
两江新区两路组团C标准分区C75-1/04、C77-1/03、C79-1/02、C80-1/02、C82-3/03、C83-1/03号宗地,二类居住用地、商业用地、商务用地,157925,≤437910,154377,重庆金辉长江房地产有限公司,2016年12月26日,284000,拍卖
两江新区两路组团C标准分区C65-3/03、C68-1/04、C74-2/04、C74-1/04、C69-1/02、C76-2/03、C76-1/03、C81-1/03号宗地,二类居住用地、商业用地、商务用地,200112,≤540233,194254,华润置地（成都）有限公司,2016年12月26日,333000,拍卖
渝北区唐家沱组团C分区C3-33/02号宗地,一类工业用地,67737,≥0.8,4607,重庆市朗萨家私（集团）有限公司,2016年12月23日,4607,挂牌
南岸区南坪组团D分区D13-10-1/03号宗地,二类居住及商业混合用地,26311,≤92089,27948,重庆伟清房地产开发有限公司,2016年12月23日,63200,拍卖
两江新区悦来组团D分区D02-2/05、D04-4/05、D03-2/06、D04-1-1/07号宗地,二类居住用地,206303,≤434854,169594,四川友华房地产开发有限公司、自贡市龙宇置业有限公司,2017年1月26日,262000,拍卖
九龙坡区西永组团Y分区Y05-4-1/02（部分5）号宗地,一类工业用地,19976,≥1.0,1499,重庆瑜欣平瑞电子股份有限公司,2017年1月20日,1499,挂牌
九龙坡区西永组团Y分区Y05-4-1/02（部分四）号宗地,一类工业用地,7813,≥0.7,580,重庆盛德物流有限公司,2017年1月20日,580,挂牌
沙坪坝区西永组团W标准分区W13-1/02、W14-1/02、W15-1/02号宗地,二类居住用地,199900,≤299851,44978,重庆龙湖地产发展有限公司,2017年1月26日,44978,挂牌
渝北区两路组团GA标准分区Ga16-1/01号宗地,一类工业用地,59854,≥0.7,4071,重庆大江北辰新能源汽车产业发展有限公司,2017年1月12日,4071,挂牌
南岸区茶园组团P分区P14-1/01部分宗地,二类工业用地,38607,≥0.7,2618,中建佰润商品混凝土重庆有限公司,2017年1月12日,2618,挂牌
九龙坡区大杨石组团W分区W01-3-2/05、W01-10/04（地下空间）号宗地,商业商务混合用地、公园绿地兼容娱乐康体及社会停车场,20115,≤62567(建筑面积),14072,重庆五洲世纪文化产业投资集团有限公司、重庆国洲文化,2016年12月30日,14072,挂牌
江北区观音桥组团F分区FJ03-1-1/04、FJ03-1-2/04号宗地,二类居住用地、商业用地、商务用地,27562,≤82686,32002,中海地产集团有限公司,2016年12月30日,57600,拍卖
九龙坡区西彭组团R分区R23-01/04号宗地,二类工业用地,180157,≥0.7,12163,隆鑫通用动力股份有限公司,2016年12月29日,12163,挂牌
渝北区唐家沱组团N分区N3-11-1/02、N3-14-1/02、N3-15-1/02号宗地,一类工业用地,206829,≥1.0,10962,OPPO（重庆）智能科技有限公司,2016年12月29日,10962,挂牌
两江新区龙兴组团F分区F1-1/03、F5-1/04号宗地,商业用地、商务用地、二类居住用地,172870,≤259304,34907,重庆国瑞控股集团有限公司、重庆市明发房地产开发有限,2016年12月29日,34907,挂牌
渝北区唐家沱组团N分区N3-12/02、N3-13/02、N3-16-1/02、N3-17-1/02号宗地,一类工业用地,395438,≥1.0,21354,OPPO(重庆)智能科技有限公司,2016年12月28日,21354,挂牌
大渡口区大渡口组团I分区I08-4号宗地,加油站用地、防护绿地,4090,按规划要求,2131,重庆中油诚源发展有限公司,2016年12月28日,2131,挂牌
北碚区蔡家组团N分区N19-4/02号宗地,一类居住用地,26450,≤26715,9946,万科（重庆）房地产有限公司,2016年12月28日,10040,拍卖
北碚区蔡家组团N分区N18-1/03、N18-4/02号宗地,一类居住用地,185594,≤187450,69598,万科（重庆）房地产有限公司,2016年12月28日,70200,拍卖
两江新区原北部新区D标准分区D68/02号宗地,二类工业用地,9966,≥0.7,584,重庆西奥车用材料有限公司,2016年12月27日,584,挂牌
渝北区唐家沱组团N分区N4-1-1/02 、N4-2-1/02、N4-5-1/02、N4-5-3/02、N4-6-1/02号宗地,一类工业用地,337713,≥1.0,18575,OPPO（重庆）智能科技有限公司,2016年12月27日,18575,挂牌
巴南区木洞组团C分区C28/03号宗地,二类工业用地,37579,≥0.7,1317,重庆参天科瑞制药有限公司,2016年12月27日,1317,挂牌
北碚区蔡家组团M分区M24/03、M23-02/03、P分区P02-1/02、P02-2/02号宗地,二类居住用地、一类居住用地,188419,≤246614,58204,重庆金科汇茂房地产开发有限公司,2016年12月27日,58204,拍卖
北碚区蔡家组团P分区P03-1/02号宗地,一类居住用地,87298,≤105129,27334,重庆龙湖地产发展有限公司、深圳联新投资管理有限公司,2016年12月27日,27334,拍卖
巴南区龙州湾组团M分区M11-1-3/02号宗地,二类居住用地、商业用地,34787,≤86968,17498,深圳市悦港电子商务有限公司、重庆佳兆业房地产开发有,2016年12月8日,17498,挂牌
两江新区龙兴组团V分区V12-1/01号宗地,其它服务设施用地(业余学校用地),97771,≤146657,4371,华夏航空（重庆）飞行训练中心有限公司,2016年12月7日,4371,挂牌
两江新区水土组团B标准分区B16-1/01号宗地,一类工业用地,71137,≥1.0,1793,重庆两江联创电子有限公司,2016年12月7日,1793,挂牌
两江新区龙兴组团L分区L4-1/01(部分一)号宗地,二类工业用地,46656,≤2.0,1876,重庆远海建筑装配技术开发有限公司 、远海建工（集团,2016年12月7日,1876,挂牌
两江新区鱼嘴组团J标准分区J36/01（部分一）号宗地,二类工业用地,32039,≥0.7,1984,重庆新致汽车配件有限责任公司,2016年12月7日,1984,挂牌
北碚区蔡家组团D分区D16-1/02号宗地,二类工业用地,11728,≥0.8,704,重庆市卓豪实业有限公司,2016年12月7日,704,挂牌
巴南区界石组团M分区M12-2/03、M16/03号宗地,商业用地、商务用地,74349,≤96653,15465,上海钜礐投资管理有限公司、首创钜大奥莱建设有限公司,2016年12月7日,15465,挂牌
巴南区李家沱-鱼洞组团Q标准分区Q19-2/02、Q21-1/01、Q21-2/02、Q21-3/02号宗地,二类居住用地,138364,≤308271（总建筑面积）,70320,荣盛房地产发展股份有限公司,2016年12月7日,88000,拍卖
巴南区李家沱组团L分区L1-1/04、L1-3/04、L2-1/03、L3-1/03、L4-1/03、L5-1/03、L6-1/03号宗地,文化设施用地、二类居住用地、商业用地,280043,≤539057,117232,荣盛房地产发展股份有限公司,2016年12月7日,117232,挂牌
沙坪坝区西永组团J标准分区J12-01/02号宗地,加油站用地,5508,按规划要求,2358,中国石油天然气股份有限公司重庆销售分公司,2016年12月7日,2358,挂牌
两江新区礼嘉组团A标准分区A29-3/05、A29-4/05、A37-2/05、A37-5-1/05、A37-6-1/05、A39-1/05、A49-5/05（西侧部分）号宗地,二类居住用地、商业用地、商务用地、娱乐康体用地,221130,≤601589,205177,重庆华宇集团有限公司,2016年12月23日,444000,拍卖
两江新区礼嘉组团A标准分区A37-4/05、A40-1/05、A40-4/05、A49-5/05（东侧部分）、A57-2/05、A58-1/05号宗地,二类居住用地、商业用地、商务用地、娱乐康体用地,221522,≤567430,206972,重庆龙湖地产发展有限公司,2016年12月23日,422000,拍卖
两江新区龙兴组团L分区L4-1/01号宗地,二类工业用地,28577,≥1.0,1149,重庆渝翔航空飞行培训有限责任公司,2016年12月20日,1149,挂牌
巴南区木洞麻柳功能区组团A分区A12-4/03号宗地,二类工业用地,66055,≥0.7,2248,重庆南松凯博生物制药有限公司,2016年12月20日,2248,挂牌
两江新区悦来组团C分区C39-3/05、C41/05、C45-1/05、C45-3/05、C46/05、C48/05、C50/05、C51/05、C57-1/05、C58-1/05号宗地,二类居住用地、服务设施用地、商业用地、娱乐康体用地,207435,≤318249,148317,重庆融创基业房地产开发有限公司,2016年12月20日,182000,拍卖
两江新区悦来组团C分区C27/05、C28-2/05、C29-2/05、C30-2/05、C31/05、C32/06、C37-1/07、C38/06、C39-1/06、C43-2/06、C70-1/05号宗地,二类居住用地、服务设施用地、商业用地,224265,≤553604,183078,北京城建重庆地产有限公司,2016年12月20日,298000,拍卖
沙坪坝区大杨石组团A分区A10/03号宗地,商业用地、商务用地,36628,≤100000,20100,大连万达商业地产股份有限公司,2016年12月20日,20100,挂牌
巴南区界石组团T分区T04-7/02号宗地,二类工业用地,36622,≥1.0,11872,重庆曙光宇特建设发展有限公司,2016年12月14日,11872,挂牌
巴南区界石组团S分区S25/02号宗地,二类工业用地,78599,≥1.0,3539,重庆盈金园实业发展有限公司,2016年12月14日,3539,挂牌
巴南区南彭组团A分区A3-2/04号宗地,二类工业用地,91933,≥0.7,4599,重庆市南方阻燃电线电缆有限公司,2016年12月14日,4599,挂牌
沙坪坝区西永组团S标准分区S8-2/01(部分)号宗地,二类工业用地,28312,≥0.7,1352,中国兵工物资西南有限公司,2016年12月14日,1352,挂牌
沙坪坝区西永组团J标准分区J13-01/02、J13-03/02、J14-01/02、J14-02/02、J15-01/02（部分）号宗地,物流仓储用地,226887,≤1.5,17017,重庆铁路口岸物流开发有限责任公司,2016年12月14日,17017,挂牌
北碚区蔡家组团M分区M52-01/05、M35-01/05、M44-01/04、M50/04号宗地,二类居住用地,177239,≤403708,59034,重庆金科汇茂房地产开发有限公司,2016年12月14日,59034,拍卖
北碚区蔡家组团M分区M14/03、M15-01/04、M36-02/04、M04-01-1/04、M04-01-2/04号宗地,二类居住用地,195027,≤422818,62104,万科（重庆）房地产有限公司,2016年12月14日,62104,拍卖
沙坪坝区西永组团AH标准分区AH15-01/01号宗地,中小学用地,187006,按规划要求,22254,重庆沙坪坝教育投资有限责任公司,2016年12月14日,22254,挂牌
大渡口区大渡口组团T分区T05-1号宗地,B1B3R2（商业用地、娱乐康体用地、二类居住用地）,145869,≤233390,30704,重庆小南海水泥厂,2016年12月14日,30704,挂牌
渝北区两路组团G分区G45-1-2/02号宗地,商业用地、商务用地,8035,≤16070,4764,重庆华星锦业汽车销售服务有限公司、重庆北部农业开发,2016年12月12日,4764,挂牌
两江新区大竹林组团G标准分区G13-5-4/04号宗地,二类居住用地,63835,≤95753,45960,万科（重庆）房地产有限公司,2016年12月12日,67500,拍卖
巴南区李家沱组团V分区V6-1/03、V6-4/03号宗地,二类居住用地,153710,≤353533,63992,恒大地产集团重庆有限公司,2016年12月8日,68500,拍卖
巴南区李家沱组团V分区V5-1/04、V5-2/04号宗地,二类居住用地,99713,≤229340,41363,恒大地产集团重庆有限公司,2016年12月8日,44500,拍卖
巴南区木洞组团C分区C16-1/03号宗地,二类工业用地,76740,≥0.7,2765,重庆博唯佰泰生物制药有限公司,2016年11月28日,2765,挂牌
两江新区龙兴组团C分区C12-3/01、C13-4/01号宗地,中小学用地,123435,按规划要求,6863,重庆瀚灏教育科技有限责任公司,2016年11月28日,6863,挂牌
两江新区鱼嘴组团J标准分区J36/01（部分二）号宗地,二类工业用地,9501,≥0.7,365,重庆太方实业有限公司,2016年11月28日,365,挂牌
南岸区茶园组团D分区D51-1/04号宗地,一类工业用地,40542,≥1.0,2798,重庆鹏熙实业有限公司,2016年11月28日,2798,挂牌
渝北区唐家沱组团C分区C3-12/02-1号宗地,一类工业用地,44504,≥0.7,3205,桑德科技（重庆）有限公司,2016年11月28日,3205,挂牌
渝中区渝中组团H分区3-5/03、5-1/04、6-1/04、3-8-4/03号宗地,商业用地、商务用地、二类居住用地,48961,≤513600,364056,GLL Chengdu Pte.Ltd.,2016年11月28日,364056,挂牌
巴南区李家沱-鱼洞组团Q分区Q17-2/01、Q18-2/02、Q19-1/01、Q19-4/01号宗地,二类居住用地、商业用地、商务用地,209198,≤402188,96524,联发集团重庆房地产开发有限公司,2016年11月28日,106500,拍卖
沙坪坝区西永组团I标准分区I58-02-1/03号宗地,加气站用地,3657,按规划要求,1306,重庆西部现代物流园资产经营管理有限责任公司,2016年11月28日,1306,挂牌
两江新区龙兴组团T分区T9-1/01（部分一）号宗地,二类工业用地,852226,≥0.7,21477,重庆天骄航空动力有限公司,2016年11月15日,21477,挂牌
大渡口区大渡口组团H分区H02-10-2-1号宗地,商业用地,52524,≤100846,16186,大连万达商业地产股份有限公司,2016年11月15日,16186,挂牌
巴南区李家沱组团B分区B07-4/01、B07-3/02号宗地,二类居住用地、商业用地、商务用地,25205,≤37808,7563,中铁房地产集团西南有限公司,2016年11月15日,7563,挂牌
巴南区李家沱组团R分区R13-3/02、R13-5/01、R13-8/01、R13-10/01号宗地,二类居住用地,178836,≤375556,46006,重庆云鸥产业有限公司,2016年11月15日,46006,挂牌
沙坪坝区西永组团I标准分区I78-01/02、I80-01/02号宗地,物流仓储用地,106302,≤1.5,10215,重庆嘉中仓储有限公司,2016年11月10日,10215,挂牌
两江新区龙兴组团B分区B12-1/02(部分四)号宗地,二类工业用地,174447,≥0.7,4397,日立汽车系统（重庆）有限公司,2016年11月10日,4397,挂牌
大渡口区大渡口组团N分区N09-2(部分)地块,商务用地,40882,≤61323,7400,中冶置业重庆华青有限公司、重庆西华建桥建设开发有限,2016年11月10日,7400,挂牌
九龙坡区西彭组团C标准分区C30-1/03地块,二类居住用地,24322,≤72966,7297,重庆创大地产集团有限公司,2016年11月10日,9600,拍卖
巴南区南彭功能区组团A分区A27-1/02宗地,物流仓储用地,4493,≤1.5,298,重庆公运东盟国际物流有限公司,2016年10月24日,298,挂牌
巴南区南彭功能区组团A分区A10-1/02宗地,物流仓储用地,9974,≤1.5,660,重庆丹丰汽车服务有限公司,2016年10月24日,660,挂牌
巴南区李家沱组团G分区G31-3-2/03宗地,一类工业用地,4025,≥1.0,684,重庆浩立塑胶有限公司,2016年10月24日,684,挂牌
九龙坡区西彭组团R分区R02/03地块,二类工业用地,41483,≥0.7,2464,重庆星辉映实业有限公司,2016年10月24日,2464,挂牌
大渡口区大渡口组团N分区N37（部分一）地块,一类工业用地,13336,≥0.7,1214,重庆聚能粉末冶金股份有限公司,2016年10月24日,1214,挂牌
两江新区两路组团J标准分区J06-4/05号宗地,A33-中小学用地,133203,按规划要求,10097,重庆中农国信教育信息咨询服务有限公司,2016年10月24日,10097,挂牌
巴南区李家沱-鱼洞组团P分区P08-1/03号宗地,加油站用地,2564,按规划要求,1262,重庆中油诚源发展有限公司,2016年10月24日,1262,挂牌
巴南区李家沱-鱼洞组团O标准分区O27-3/05号宗地,体育用地、商业用地,98486,≤192000,23248,重庆华熙国信体育文化产业发展有限公司,2016年10月24日,23248,挂牌
巴南区李家沱-鱼洞组团B标准分区B12-3/02、B12-5/02号宗地,二类居住用地，商业用地,38695,≤123037,24081,重庆市诚投房地产开发有限公司,2016年10月24日,32000,拍卖
大渡口区大渡口组团D分区D10-3-1号宗地,二类居住用地、防护绿地,45396,≤160300,28854,重庆业瑞房地产开发有限公司,2016年10月24日,45500,拍卖
大渡口区组团N分区N44（部分二）地块,一类工业用地,32075,≥0.7,2794,重庆勤牛工程机械有限责任公司,2016年10月20日,2794,挂牌
九龙坡区西永组团Y分区Y03-3-1/01（部分1）号宗地,一类工业用地,29070,≥0.7,2210,重庆科中建材有限公司,2016年10月20日,2210,挂牌
九龙坡区西永AD、O、D、E、F、Y控规组团Y分区Y07-2-1/01（部分4）号宗地,一类工业用地,15765,≥0.7,1183,重庆金澳机械制造有限公司,2016年10月20日,1183,挂牌
九龙坡区西永组团Y分区Y05-4-1/02（部分2）号宗地,一类工业用地,33095,≥0.7,2483,重庆盛德物流有限公司,2016年10月20日,2483,挂牌
沙坪坝区西永组团L标准分区L68/05号宗地,商业用地、娱乐康体用地,286490,≤240000,39840,大连万达商业地产股份有限公司,2016年9月20日,39840,挂牌
沙坪坝区西永组团L标准分区L83-1/01号宗地,商业用地、娱乐康体用地,26691,≤120110,13826,大连万达商业地产股份有限公司,2016年9月20日,13826,挂牌
巴南区鱼洞组团P分区P04-03/04号宗地（部分二）,物流仓储用地,2002,≤1.5,109,重庆和泰汽车修理厂（普通合伙）,2016年9月20日,109,挂牌
北碚区三圣组团分区D2-2/01、D1-1/01号宗地,二类工业用地,207524,≥0.6,6434,重庆三圣特种建材股份有限公司,2016年9月20日,6434,挂牌
渝北区唐家沱组团N分区N4-16/01、N4-12/01、N4-14-1/01、N4-17/01、N4-20-1/01、N4-10/01号宗地,一类工业用地,329798,≥1.0,22427,重庆北飞实业有限公司,2016年9月20日,22427,挂牌
沙坪坝区西永组团J标准分区J15-01/02(部分)号宗地,物流仓储用地,28401,≤1.5,2131,重庆铁路口岸物流开发有限责任公司,2016年9月20日,2131,挂牌
沙坪坝区西永组团I标准分区I71-01/02号宗地,物流仓储用地,88938,≤1.5,8539,丰仲仓储（重庆）有限公司,2016年9月20日,8539,挂牌
沙坪坝区西永组团I标准分区I88-01-2/03号宗地,加气站用地,3923,按规划要求,1448,重庆欧博实业有限责任公司,2016年9月20日,1448,挂牌
沙坪坝区西永组团L标准分区L76-4/01、L78-1/01、L78-2/01、L78-3/01号宗地,二类居住用地,148653,≤545871,44875,大连万达商业地产股份有限公司,2016年9月20日,44875,挂牌
沙坪坝区西永组团L标准分区L75-1/01、L79-1/01、L79-2/01、L79-3/01、L84-1/01、L82-3/01号宗地,一类居住用地、服务设施用地、二类居住用地、商业用地,186241,≤258476,31796,大连万达商业地产股份有限公司,2016年9月20日,31796,挂牌
沙坪坝区西永组团L标准分区L81-1/01、L81-2/01、L85-1/01、L85-2/01号宗地,一类居住用地、二类居住用地,167341,≤397210,37272,大连万达商业地产股份有限公司,2016年9月20日,37272,挂牌
沙坪坝区西永组团L标准分区L80-2/01、L80-3/01、L84-2/01号宗地,一类居住用地、二类居住用地,111980,≤206220,21584,大连万达商业地产股份有限公司,2016年9月20日,21584,挂牌
江北区大石坝组团A分区A2-1-2/02号宗地,加油站用地,2585,按规划要求,1630,重庆中油现代交通油料有限责任公司,2016年9月9日,1630,挂牌
北碚区北碚组团C标准分区C4-1/03、C5-5/03号宗地,二类居住用地，商业用地，商务用地,138337,≤379476,63372,重庆鲁能开发（集团）有限公司,2016年9月9日,63372,挂牌
九龙坡区大杨石组团N分区NF1-9/04号宗地,二类居住用地兼容商业商务用地,20852,≤57666,14457,重庆国兴置业有限公司,2016年9月9日,23200,拍卖
九龙坡区西永Q（部分）、S、T（部分）、U（部分）组团C分区C11-10-1/02（部分3）号宗地,一类工业用地,16666,≥1.0,1250,重庆阿狄亚电子技术有限公司,2016年9月9日,1250,挂牌
两江新区水土组团C分区C47-1/03号宗地,一类工业用地,228449,≥1.0,5757,重庆万国半导体科技有限公司,2016年9月9日,5757,挂牌
江北区观音桥组团A分区A34-1-3/07、A34-1-5/07、A34-1-8/07、A34-1-10/07、A34-1-17/07号宗地,商业商务用地；二类居住用地；二类居住用地、商业用地,202639,≤737251,276837,重庆鲁能开发（集团）有限公司,2016年8月30日,340000,拍卖
江北区观音桥组团A分区A34-1-16/07、A34-1-19/07、A34-1-20/07号宗地,二类居住用地、商业用地,175108,≤689702,298926,中铁房地产集团西南有限公司,2016年8月30日,408000,拍卖
渝北区两路组团F分区F90-2号宗地,加油加气站用地,3850,按规划要求,2272,重庆市东岚燃油销售有限公司,2016年8月30日,2272,挂牌
两江新区两路组团K标准分区K05-4/02号宗地,一类物流仓储用地,35341,≤1.5,2800,日梱重庆物流有限公司,2016年10月20日,2800,挂牌
巴南区木洞-麻柳组团C分区C17-1/03号宗地,二类工业用地,67673,≥0.7,2398,重庆智睿投资有限公司,2016年10月20日,2398,挂牌
渝中区渝中组团H分区3-4/03、3-9-1/03、3-6/03号宗地,公园绿地、商业用地、商务用地、社会停车场用地,58634,≤80926,57824,杭州新天地集团有限公司,2016年10月20日,57824,拍卖
两江新区两路组团Q标准分区Q22-2-1/05、Q23-1/04、Q23-4/04、Q24-3/04、Q25-1/04、Q25-4/03号宗地,二类居住用地、商业用地、商务用地,182809,≤496960,59804,绍兴华裕房地产开发有限公司,2016年10月20日,59804,挂牌
沙坪坝区西永组团Ja分区Ja03-6/01号宗地,加油加气站用地,4814,按规划要求,2038,重庆市川润石化有限公司,2016年10月20日,2038,挂牌
巴南区南彭功能区组团分区B7-1/01号宗地,二类居住用地,149452,≤298904,23913,重庆华南城有限公司,2016年10月8日,23913,挂牌
九龙坡区西彭组团J分区J39-3/02宗地,二类工业用地,41110,≥0.7,2385,中冶建工集团有限公司,2016年9月30日,2385,挂牌
沙坪坝区西永组团S标准分区S8-1/01(部分)号宗地,一类工业用地,21476,≤2.0,1366,重庆共享工业投资有限公司,2016年9月30日,1366,挂牌
巴南区木洞-麻柳组团C分区C18-1/03（部分）、C19-1/02（部分）宗地,二类工业用地,17996,≥0.7,606,重庆智睿投资有限公司,2016/年9月30日,606,挂牌
巴南区李家沱-鱼洞组团P分区P08-1/03号宗地,加油加气站用地,2564,按规划要求,1262,重庆中油诚源发展有限公司,2016年10月24日,1262,挂牌
九龙坡区大杨石组团二郎新城中心区分区C3-4-3/03号宗地,二类居住用地、商业用地、商务用地,6492,≤24670,7802,中铁十一局集团重庆房地产开发有限公司,2016年8月30日,7802,挂牌
巴南区鱼洞组团P分区P04-03/04（部分一）号宗地,物流仓储用地,3169,≤1.5,172,重庆和泰汽车修理厂（普通合伙）,2016年8月30日,172,挂牌
九龙坡区金凤电子信息产业园区（近期）控规组团C分区C11-19-1/03（部分5）号宗地,一类工业用地,6794,≥1.0,510,重庆金凤电子信息产业有限公司,2016年8月30日,510,挂牌
九龙坡区西永Q（部分）、S、T（部分）、U（部分）组团C分区C11-9-1/02号宗地,一类工业用地,68033,≥1.0,5103,重庆金凤电子信息产业有限公司,2016年8月30日,5103,挂牌
沙坪坝区沙坪坝组团D分区D5-1/04号宗地,商业用地、商务用地,8533,≤68264,18978,重庆迈瑞城市建设投资有限责任公司,2016年8月19日,18978,挂牌
九龙坡区西永AD、O、D、F、Y控规组团Y分区Y04-2/01号（部分2）宗地,一类工业用地,74521,≥1.0,5619,重庆高新区开发投资集团有限公司,2016年8月19日,5619,挂牌
九龙坡区西永AD、O、D、F、Y控规分区E07-5/02号宗地,一类工业用地,24824,≥0.7,1862,重庆杰品科技股份有限公司,2016年8月19日,1862,挂牌
九龙坡区西永组团Y分区Y05-4-1/02(部分3)号宗地,一类工业用地,25490,≥0.7,1938,重庆盛德物流有限公司,2016年8月19日,1938,挂牌
九龙坡区西永组团Y分区Y06-8/02(部分1)号宗地,一类工业用地,33324,≥0.7,2500,重庆鸿朗汽车内饰件有限公司,2016年8月19日,2500,挂牌
九龙坡区西彭组团A分区A86-5/01-1号宗地,一类工业用地,177258,≥0.7,10825,重庆宇培仓储有限公司,2016/年8月19日,10825,挂牌
南岸区南坪组团M分区M10-3-2/06号宗地,商业用地、商务用地,20849,≤79226,19800,重庆汇庭房地产开发有限公司,2016年8月4日,19800,挂牌
九龙坡区西永AD、O、D、E、F、Y控规组团E分区E06-2/02号宗地,一类工业用地,28063,≥0.7,2133,重庆新紫硕商贸有限公司,2016年8月4日,2133,挂牌
大渡口区大渡口组团I分区I12-2(部分1)号宗地,二类工业用地,32838,≥0.8,2907,重庆三峡森晶实业有限公司,2016年8月4日,2907,挂牌
沙坪坝区西永组团V标准分区V3－5/01号宗地,一类物流仓储用地,141952,≤1.5,5537,重庆综西国际贸易有限公司,2016年7月20日,5537,挂牌
沙坪坝区西永组团V标准分区V5－4/01号宗地,一类工业用地,656139,≥1.0,25590,重庆西谷资产管理有限公司,2016年7月20日,25590,挂牌
沙坪坝区西永组团V标准分区V10－1/02号宗地,文化设施用地,17535,≤35070,702,重庆西谷资产管理有限公司,2016年7/月20日,702,挂牌
沙坪坝区西永组团V标准分区V11－1/01号宗地,一类工业用地,121824,≥1.0,4752,重庆西谷资产管理有限公司,2016年7月20日,4752,挂牌
两江新区水土组团A标准分区A14-2/01号宗地,一类工业用地,35747,≥1.0,905,重庆有线电视网络有限公司,2016年7月20日,905,挂牌
两江新区水土组团B标准分区B40-1/02号宗地,一类工业用地,16512,≥0.7,2182,重庆博腾制药科技股份有限公司,2016年7月20日,2182,挂牌
南岸区弹子石A分区A8-1/03、A8-3/03、A8-5/03、A17-1/04号宗地,娱乐康体、商务、商业、二类居住、服务设施用地,150519,≤443781（不含服务设施用地建筑面积）,116571,重庆睿丰致元实业有限公司,2016年7月20日,117000,拍卖
沙坪坝区西永组团I分区I72-01/02、I73-01/02、I74-01/02（部分）、I74-02/02号宗地,物流仓储用地,206885,≤1.5,15207,重庆交运物流有限公司,2016年8月19日,15207,挂牌
渝北区空港组团U标准分区U11-1/01、U12-1/01号宗地,一类物流仓储用地,173616,≤1.5,8855,重庆远成世豪物流有限公司,2016年8月19日,8855,挂牌
巴南区花溪工业园区组团H分区H3-1-1/02、H3-2/02号宗地,二类工业用地,20017,≥0.7,862,重庆弘愿工具（集团）有限公司,2016年8月19日,862,挂牌
江北区观音桥组团M分区M16-3/02号宗地,二类居住用地,40621,≤142174,61389,保利（重庆）投资实业有限公司,2016年8月12日,97000,拍卖
两江新区龙兴组团F分区F8-1/02号宗地,A33-中学用地,145969,按规划要求,8178,重庆两江新区新南教育信息咨询服务有限公司,2016年8月12日,8178,挂牌
北碚区北碚组团A标准分区A8-2-1-2/05号宗地,社会车充电站用地,3000,按规划要求,1170,重庆移峰能源有限公司,2016年8月4日,1170,挂牌
北碚区北碚组团D标准分区D21-1-1/03号宗地,B9-其它服务设施用地（城区殡仪项目建设用地）,9151,按规划要求,3400,重庆赟普礼仪服务有限公司,2016年8月4日,6500,拍卖
九龙坡区中梁山组团G分区G42-2-2/03号宗地,二类居住用地、防护绿地,20160,≤40322,6533,联发集团重庆房地产开发有限公司,2016年8月4日,6533,挂牌
两江新区水土组团E标准分区E32-5/01号宗地,加油站用地,3308,按规划要求,1514,重庆中油两江发展有限公司,2016年8月4日,1514,挂牌
两江新区大竹林组团G标准分区G17/05（部分）宗地,二类居住用地,59685,≤87737,42336,重庆龙湖创安地产发展有限公司,2016年8月4日,43000,拍卖
巴南区麻柳嘴镇组团分区A01-2/02号宗地,H2-区域交通设施用地,21574,按规划要求,3478,重庆富江能源科技有限公司,2016年7月12日,3478,挂牌
巴南区李家沱-鱼洞组团I分区I04-12/02、I04-13/01、I04-14/02号宗地,商业用地、二类居住用地,25411,≤95724,20205,重庆巴和城市建设投资有限公司,2016年7月12日,20205,挂牌
九龙坡区西永Q（部分）、S、T（部分）、U（部分）组团C分区C11-10-1/02号（部分2）宗地,一类工业用地,9095,≥0.7,683,重庆米高电梯有限公司,2016年7月12日,683,挂牌
巴南区木洞组团C分区C14-1-1/03、C15-1/03号宗地,一类工业用地、二类工业用地,154401,≥0.7,5561,重庆国舒制药有限公司,2016年7月12日,5561,挂牌
巴南区木洞组团C分区C18-1/03（部分）宗地,二类工业用地,111489,≥0.7,4061,重庆智翔金泰生物制药有限公司,2016年7月12日,4061,挂牌
巴南区木洞组团C分区C19-1/03（部分）、C21-1/03、C22-1/03号宗地,二类工业用地,153243,≥0.7,5213,重庆宸安生物制药有限公司,2016年7月12日,5213,挂牌
两江新区礼嘉组团F标准分区F05-8/05、F05-16/03号宗地,二类居住用地,147699,≤295398,87431,深圳市创泰投资管理有限公司、重庆龙湖地产发展有限公,2016年6月28日,120000,拍卖
两江新区礼嘉组团F标准分区F05-9/05号宗地,二类居住用地,124630,≤249260,72604,成都朗基地产有限公司,2016年6月28日,88000,拍卖
两江新区礼嘉组团F标准分区F06-1/05、F06-9/03、F06-12/04号宗地,二类居住用地,144870,≤289740,92647,深圳市创泰投资管理有限公司、重庆龙湖地产发展有限公,2016年6月28日,149000,拍卖
两江新区礼嘉组团F标准分区F03-10/05、F03-11-1/05号宗地,一类居住用地,156205,≤156207,69778,重庆金科房地产开发有限公司,2016年6月28日,119000,拍卖
两江新区龙兴组团B分区B13-13/02号宗地,二类工业用地,86830,≥1.0,2605,DMJ INDUSTRIAL HOLDING(HK) LIMITED,2016年6月28日,2605,挂牌
两江新区龙兴组团T分区T9-1/01号宗地,二类工业用地,998450,≥0.7,25161,重庆天骄航空动力有限公司,2016年6月28日,25161,挂牌
大渡口区大渡口组团N标准分区N08-3号宗地,一类工业用地,72205,≥1.0,7004,重庆海康威视科技有限公司,2016/6/28,7004,挂牌
大渡口区大渡口组团N分区N44(部分1)号宗地,一类工业用地,137093,≥0.7,15488,重庆勤牛工程机械有限责任公司,2016/6/28,15488,挂牌
九龙坡区大杨石组团H分区H10-1-3/06号宗地,二类居住用地兼容商业用地、商务用地,11878,≤47512,15964,重庆金辉长江房地产有限公司,2016年6月21日,26000,拍卖
巴南区木洞组团C分区C30-2/02号宗地,二类工业用地,17984,≥0.7,613,重庆惠森驰恒医疗器械有限公司,2016年7月12日,613,挂牌
巴南区李家沱组团G分区G1-8/02号宗地,二类居住用地,34572,≤86430,17707,重庆市诚投房地产开发有限公司,2016年6月28日,17707,挂牌
沙坪坝区中梁山组团B分区B4-5/05号宗地,二类居住用地,19318,≤53465,13407,重庆市沙坪坝区房地产开发总公司,2016年6月28日,13407,挂牌
九龙坡区西永组团Ab分区Ab21-3/03号宗地,商业用地、商务用地,56491,≤30063(总建筑面积),17111,重庆市粮油批发市场有限责任公司,2016年6月28日,17111,挂牌
沙坪坝区西永组团L标准分区L37-2/04号宗地,二类居住用地,117240,≤234480,32593,重庆西谷资产管理有限公司,2016年6月21日,32593,拍卖
巴南区界石组团T分区T11-3/02号宗地,二类居住用地,45955,≤91910,11076,重庆星界置业有限公司,2016年7月15日,11076,挂牌
巴南区民主工贸园区组团D标准分区D4-1-3/06号宗地,二类居住用地、商业用地,8805,≤23774,4611,重庆市南渝物业管理有限公司,2016年7月15日,4611,挂牌
两江新区悦来组团C分区C05-1/07、C05-3/07、C06-1/06、C09-2/06、C10-3/06、C10-1/06号宗地,二类居住用地、商业用地、商务用地,163573,≤400722,110764,北京北辰实业股份有限公司,2016年7月15日,110764,挂牌
两江新区悦来组团C标准分区C14-1/06、C14-2/07、C18-1/07、C18-6/06号宗地,二类居住用地、商业用地、商务用地,100001,≤250004,68255,北京北辰实业股份有限公司,2016年7月15日,68255,挂牌
两江新区悦来组团C分区C15-2/07、C17-5/04、C18-3/06号宗地,二类居住用地、商业用地、商务用地,165519,≤267291,99338,北京北辰实业股份有限公司,2016年7月15日,99338,挂牌
沙坪坝区西永组团J分区J04-01/04（部分）号宗地,物流仓储用地,38190,≤1.5,2827,重庆铁路口岸物流开发有限责任公司,2016年7月15日,2827,挂牌
巴南区木洞麻柳功能区（麻柳嘴片区部分）控规组团A分区A11-3/01、A11-1-3/02号宗地,二类工业用地,67748,≥0.6,4389,攀钢集团重庆钛业有限公司,2016年7月15日,4389,挂牌
北碚区蔡家组团B标准分区B09-1/02号宗地,二类工业用地,55174,≥0.7,2373,华安钢宝利汽车板加工（重庆）有限公司,2016年7月15日,2373,挂牌
九龙坡区西永a组团A分区Aa-50-16/01号宗地,一类物流仓储用地、二类物流仓储用地,29466,≤1.5,2387,重庆人和物流有限责任公司,2016年7月15日,2387,挂牌
江北区观音桥组团O07-1/02、O07-2/02号宗地,商业用地、商务用地，社会停车场用地,9972,≤13657,9347,重庆市澜凯房地产开发有限公司,2016年7月12日,9600,拍卖
巴南区木洞麻柳组团A分区A11-1-3/02（部分二）宗地,二类工业用地,11786,≥0.6,402,重庆盛清水处理科技有限公司,2016年4月15日,402,挂牌
北部新区礼嘉组团F标准分区F26/03(部分)宗地,一类工业用地,61540,≥0.7,3602,本特勒建安汽车系统（重庆）有限公司,2016年4月15日,3602,挂牌
北部新区礼嘉组团B标准分区B07-3/05号宗地,一类工业用地,30620,≥0.7,1609,重庆快星新能源汽车有限公司,2016年4月15日,1609,挂牌
两江新区龙兴组团A标准分区A5-1/01（部分）号宗地,二类工业用地,42223,≥0.7,1584,重庆博盛达汽车配件有限公司,2016年3月31,1584,挂牌
北部新区礼嘉组团B标准分区B05-2-1/03号宗地,一类工业用地,117333,≥0.7,6162,长安福特汽车有限公司,2016年3月31日,6162,挂牌
巴南区木洞组团C分区C20-1/01宗地,一类工业用地,51953,≥1.0,4315,重庆尚盟宏远实业有限公司,2016年3月31日,4315,挂牌
渝北区王家街道玉峰山村6社地块,加油站用地,1990,934,重庆海晶石油化工有限公司,2016年3月31日,934,挂牌
大渡口区大渡口组团N分区N56-1号宗地,加油站用地,4514,按规划要求,2271,中国石化销售有限公司重庆石油分公司,2016年3月30日,2271,挂牌
两江新区龙兴组团B标准分区B4-1/01（部分二）号宗地,二类工业用地,103519,≥0.7,2609,重庆耐德节能装备有限公司,2016年3月30日,2609,挂牌
两江新区龙兴组团B分区B2-3/02号宗地,二类工业用地,53612,≥0.7,1352,海纳川重庆汽车部件有限公司,2016年3月30日,1352,挂牌
两江新区龙兴组团A标准分区A2-4/01号宗地,二类工业用地,47013,≥0.7,1185,重庆北特科技有限公司,2016年4月27日,1185,挂牌
两江新区两路组团J分区J20-1/04号宗地,一类工业用地,101721,≥1.0,2930,纬创资通（重庆）有限公司,2016年4月27日,2930,挂牌
北部新区礼嘉组团F标准分区F21-2/03号宗地,加油站用地,2535,按规划要求,1908,重庆福堂实业有限公司,2016年4月26日,1908,挂牌
九龙坡区西彭组团D分区D60-2-2/01号(部分一)宗地,一类工业用地,11197,≥0.7,641,重庆克朗斯膜科技有限公司,2016年4月26日,641,挂牌
九龙坡区西彭组团D分区D60-2-2/01号(部分三)宗地,一类工业用地,15857,≥0.7,908,重庆获隆工贸有限公司,2016年4月26日,908,挂牌
九龙坡区西彭组团D分区D60-2-2/01号(部分五)宗地,一类工业用地,7134,≥0.7,409,重庆弘尊工贸有限公司,2016年4月26日,409,挂牌
渝北区两路组团A分区A135-7/03号宗地,供水用地，防护绿地,6984,/,378,重庆中法供水有限公司,2016年4月26日,378,挂牌
沙坪坝区西永组团S标准分区S10-1/01号宗地,二类工业用地,57775,≥1.0,2774,重庆联东金辰实业有限公司,2016年4月26日,2774,挂牌
北碚区蔡家组团E分区E01-1-3/03号宗地,社会车充电站用地,2830,按规划要求,864,重庆移峰能源有限公司,2016年4月15日,864,挂牌
巴南区木洞-麻柳组团C标准分区C13-1/02号宗地,商务用地,10583,≤21166,5415,重庆麻柳沿江开发投资有限公司,2016年4月15日,5415,挂牌
巴南区木洞麻柳组团A分区A5-1/03（部分）宗地,二类工业用地,32497,≥0.6,1106,重庆中凯化工有限公司,2016年6月21日,1106,挂牌
两江新区龙兴组团V标准分区V14-1/01号宗地,二类工业用地,64985,≥0.7,1651,重庆瀚能汽车零部件有限公司,2016年6月21日,1651,挂牌
沙坪坝区西永组团L标准分区L73-9/01、L76-3/01、L77-1/01号宗地,一类居住用地、二类居住用地,165861,≤524776,54634,大连万达商业地产股份有限公司,2016年6月14日,54634,挂牌
沙坪坝区西永组团L标准分区L73-5/01、L76-2/01号宗地,一类居住用地、二类居住用地,133461,≤300092,35523,大连万达商业地产股份有限公司,2016年6月14日,35523,挂牌
沙坪坝区西永组团L标准分区L67-2/02、L72-1/02号宗地,二类居住用地,72982,≤294847,28755,大连万达商业地产股份有限公司,2016年6月14日,28755,挂牌
沙坪坝区西永组团L标准分区L67-1/06号宗地,娱乐康体用地,21394,≤5000,1840,大连万达商业地产股份有限公司,2016年6月14日,1840,挂牌
渝北区唐家沱组团C分区C3-13/02号宗地,一类工业用地,45372,≥0.7,3086,利纳马汽车系统（重庆）有限公司,2016年5月20日,3086,挂牌
九龙坡区大杨石组团D分区D12-2-1/03、D11-2/01号宗地,商业用地、商务用地、二类居住用地,9343,≤39867,15371,重庆业瑞房地产开发有限公司,2016年5月17日,15371,拍卖
两江新区龙兴组团A分区A2-5/01号宗地,二类工业用地,24640,≥0.7,621,重庆厚诚泰克汽车部件有限公司,2016年5月17日,621,挂牌
九龙坡区西永组团Z分区Z23-1/04号(部分四)宗地,二类工业用地,5265,≥0.7,406,重庆豪斯特汽车零部件有限公司,2016年4月27日,406,挂牌
九龙坡区西永组团Y分区Y06-2/01号（部分4）宗地,一类工业用地,24738,≥0.7,1856,重庆瑜欣平瑞电子股份有限公司,2016年3月30日,1856,挂牌
九龙坡区西彭组团D分区D65-1/02号(部分一)宗地,二类工业用地,4488,≥0.7,258,重庆彦辰胶带制品有限公司,2016年3月30日,258,挂牌
九龙坡区西彭组团D分区D65-1/02号(部分二)宗地,二类工业用地,5000,≥0.7,287,重庆西牧金属制品有限公司,2016年3月30日,287,挂牌
九龙坡区西彭组团D分区D65-1/02号(部分三)宗地,二类工业用地,4705,≥0.7,270,重庆雄泰工贸有限公司,2016年3月30日,270,挂牌
九龙坡区西彭组团D分区D65-1/02号(部分四)宗地,二类工业用地,4617,≥0.7,266,重庆铝昊机电配件有限公司,2016年3月30日,266,挂牌
九龙坡区西彭组团D分区D65-1/02号(部分五)宗地,二类工业用地,4514,≥0.7,259,重庆业基机械有限公司,2016年3月30日,259,挂牌
九龙坡区西彭组团D分区D65-1/02号(部分六)宗地,二类工业用地,4515,≥0.7,259,重庆博耕机电配件有限公司,2016年3月30日,259,挂牌
九龙坡区西彭组团D分区D65-1/02号(部分七)宗地,二类工业用地,7312,≥0.7,419,重庆西彭铝产业区开发投资有限公司,2016年3月30日,419,挂牌
九龙坡区西永Q（部分）、S、T（部分）、U（部分）组团,一类工业用地,8396.1,≥1.0,916,瑞娃科技（重庆）有限公司,2016年3月29日,916,挂牌
九龙坡区西永组团F分区F13-3-1/02、F13-3-2/02号宗地,二类居住用地,5348,≤6955,888,重庆骏丰置业有限公司,2016年2月25日,888,挂牌
两江新区龙兴组团B标准分区B9-3/02（部分四）号宗地,二类工业用地,26884,≥0.7,1009,重庆洲泽机械制造有限公司,2016年2月25日,1009,挂牌
两江新区龙兴组团T分区T7-3/01号宗地,二类工业用地,45141,≥0.7,1138,重庆韩华高新材料有限公司,2016年2月25日,1138,挂牌
两江新区龙兴组团T标准分区T7-1/01号宗地,二类工业用地,63389,≥0.7,1611,重庆平和精工汽车部件有限公司,2016年2月25日,1611,挂牌
两江新区水土组团D标准分区D03-2/01、D10/01、D11-1/01号宗地,一类工业用地,217946,≥0.7,5493,力帆集团重庆万光新能源科技有限公司,2016年2月18日,5493,挂牌
南岸区茶园组团P分区P13-1/01（部分一）号宗地,二类工业用地,25371,≥0.7,3366,重庆科端建材有限公司,2016年2月18日,3366,挂牌
沙坪坝区双碑组团B分区B15-1-2/04、B15-3/04号宗地,二类物流仓储用地,15478,≤1.2,1550,重庆市乐邦水产品有限公司,2016年2月5日,1550,挂牌
北部新区翠云组团D标准分区D37/01(部分)、D39-1/02号宗地,二类工业用地,16693,≥0.7,1071,重庆三弓汽车零部件有限公司,2016年2月5日,1071,挂牌
九龙坡区大杨石组团Q分区QF3-6-4/04号宗地,二类居住用地兼容商业用地、商务用地,36388,≤152829,43557,重庆鲁能开发(集团)有限公司,2016年1月20日,44500,拍卖
九龙坡区大杨石组团Q分区QF3-6-1/04（地下）号宗地,商业服务业设施用地、社会停车场用地(地下用地性质),34603,≤100000(总建筑面积),5018,重庆德兴胜大置业有限公司、重庆融和茂科技有限公司,2016年1月20日,5018,挂牌
巴南区李家沱组团V分区V9/03号宗地,文化设施用地,42664,≤93860,15532,重庆恒泉置业有限公司,2016年1月20日,15532,挂牌
沙坪坝区双碑组团E标准分区E35-1/03、E32-1/03、E34/02号宗地,二类居住用地，商业用地，商务用地,42310,≤146576,36644,重庆锦双房地产开发有限公司,2016年2月25日,36644,挂牌
南岸区南坪组团I分区I11-1-4/05号宗地,其它商务用地,23937,≤76598,15206,重庆市江南城市建设资产经营管理有限公司,2016年2月25日,15206,挂牌
两江新区水土组团E标准分区E3-1/01、E3-2/01、E4-1/01、E5-1/01、E6-1/01、E7-1/01、E8-1/01、E10-1/01号宗地,B29-其它商务用地（生产性服务业用地），二类居住、商,272600,≤378101,34606,重庆金科科健置业有限公司,2016年2月25日,34606,挂牌
九龙坡区西永组团Z分区Z23-1/04(部分一)号宗地,二类工业用地,10326,≥0.8,796,重庆群禾纺织有限公司,2016年2月25日,796,挂牌
九龙坡区西永组团Z分区Z23-1/04(部分二)号宗地,二类工业用地,13281,≥0.7,1036,重庆点源机械配件有限公司,2016年2月25日,1036,挂牌
九龙坡区西永组团Z分区Z23-1/04(部分三)号宗地,二类工业用地,18016,≥0.7,1388,重庆豪斯特汽车零部件有限公司,2016年2月25日,1388,挂牌
巴南区鱼洞组团P分区P02-02/03号宗地,二类工业用地,55718,≥0.7,3727,重庆光宇摩托车制造有限公司,2016年2月25日,3727,挂牌
沙坪坝区西永组团Q标准分区Q6-1/02号宗地,二类工业用地,25952,≥0.7,1248,重庆科旭恒睿冠制药机械有限公司,2016年2月25日,1248,挂牌
两江新区两路组团K标准分区K09-1/02(部分二)号宗地,一类工业用地、一类物流仓储用地,100375,≤1.5,7905,重庆嘉磊仓储有限公司,2016年2月25日,7905,挂牌
两江新区龙兴组团B分区B3-1/01、B4-1/01号宗地,二类工业用地,92027,≥0.7,3175,重庆卓通汽车工业有限公司,2016年2月25日,3175,挂牌
沙坪坝区沙坪坝组团I分区I13-4/02号宗地,二类居住用地,9977,≤49885,13868,重庆三特实业有限公司,2016年1月20日,18200,拍卖
沙坪坝区沙坪坝组团B分区B11-2-2/03、B18-1/02号宗地,二类居住用地,56431,≤236659,55698,金融街重庆置业有限公司,2016年1月20日,55698,拍卖
两江新区悦来组团D分区D06/04部分宗地,商业用地,41798.16,≤55288.53（总建筑面积）,15675,重庆悦来投资集团有限公司,2016年1月20日,15675,挂牌
两江新区龙兴组团B分区B8-1/01（部分二）号宗地,二类工业用地,34563,≥0.7,875,重庆爱科思海华汽车配件有限公司,2016年1月20日,875,挂牌
两江新区龙兴组团B分区B9-5/01号宗地,二类工业用地,100299,≥0.7,2528,北汽韩一(重庆)汽车饰件有限公司,2016年1月20日,2528,挂牌
南岸区茶园组团D分区D50-1/03号宗地,一类工业用地,27843,≥0.7,1365,重庆暹众普合实业有限公司,2016年1月20日,1365,挂牌
九龙坡区西彭组团D分区D40-1/01号宗地,一类工业用地,35178,≥0.7,1972,重庆西彭铝产业区开发投资有限公司,2016年1月20日,1972,挂牌
九龙坡区西彭组团L分区L20-01/02号宗地,二类工业用地,49013,≥0.7,4046,重庆建工第二市政工程有限责任公司,2016年1月20日,4046,挂牌
九龙坡区西彭组团L分区L14-5/02地块,二类工业用地,67992,≥0.7,10137,重庆维冠混凝土有限公司,2016年1月20日,10137,挂牌
两江新区鱼嘴组团A分区A01-4/03号宗地,商业用地、商务用地,4168,≤10420,1297,重庆两江新区鱼复工业园建设投资有限公司,2016年1月13日,1297,挂牌
巴南区李家沱组团L分区L8-1/03、L9-1/03、L10-1/03、L11-1/03、L14-1/03号宗地,商业用地、二类居住用地,240008,≤458247,97815,攀钢集团成都地产有限公司,2016年1月4日,97815,挂牌
北碚区静观镇组团J分区JG-D3-2/03号宗地,二类居住用地,15498,≤15873,2081,重庆市地科投资有限责任公司,2016年1月4日,2081,挂牌
两江新区龙兴组团V标准分区V15-1/01号宗地,二类工业用地,52423,≥0.7,1322,重庆世钟汽车配件有限公司,2016年1月4日,1322,挂牌
巴南区李家沱组团H标准分区H18-1/04号宗地,二类居住用地,52728,≤105456,16926,重庆浩丹建设有限公司,2015年12月30日,16926,挂牌
巴南区界石组团T分区T12-7/02号宗地,商业用地、商务用地,30572,≤76430,8637,重庆星界置业有限公司,2015年12月30日,8637,挂牌
大渡口区大渡口组团I分区I12、I13、I19号宗地,二类居住用地、商业用地,53254,≤159777,26093,重庆市诚投房地产开发有限公司,2015年12月30日,26093,挂牌
北部新区两路组团C分区C98-1/02、C98-2/02、C104-1/02、C106-1/02、 C107-1/02、C109-1-2/03、C108-1/03、C110-1/02、C111-1/02号宗地,二类居住用地、商业用地、商务用地、娱乐用地,208370,≤420663,143609,中房地产股份有限公司,2015年12月30日,143609,挂牌
北部新区两路组团C标准分区C90-1-1/03、C101-1/03、C102-1/02、C103-1/03、C105-1/03号宗地,二类居住用地、商业用地、商务用地,172848,≤672107,202600,中房地产股份有限公司,2015年12月30日,202600,挂牌
北部新区两路组团C分区C89-1/01、C94-1/02、C96-1/02、C91-1/02、 C97-1/02、C92-1/02号宗地,二类居住用地、商业用地、商务用地、娱乐用地,137234,≤313878,106747,中房地产股份有限公司,2015年12月30日,106747,挂牌
九龙坡区西永组团Y分区Y06-2/01号（部分2）宗地,一类工业用地,32926,≥0.7,2470,重庆瑜欣平瑞电子股份有限公司,2015年12月30日,2470,挂牌
两江新区鱼嘴组团Q分区Q13-3/01号宗地,商业用地、商务用地,15798,≤12638,4440,重庆两江新区鱼复工业园建设投资有限公司,2016年1月13日,4440,挂牌
两江新区悦来组团D分区D16-1/07号宗地,中小学用地,35486,/,4240,重庆葛洲坝融创深达置业有限公司,2016年1月13日,4240,挂牌
两江新区龙兴组团B分区B12-1/02(部分一)号宗地,二类工业用地,234909,≥0.7,5922,重庆中联重科机械制造有限公司,2016年1月13日,5922,挂牌
两江新区龙兴组团B标准分区B12-1/02(部分二)号宗地,二类工业用地,67197,≥0.7,1695,重庆中联盛弘机械制造有限公司,2016年1月13日,1695,挂牌
两江新区龙兴组团B标准分区B12-1/02(部分三)号宗地,二类工业用地,66645,≥0.7,1681,重庆中科盛弘两江机械制造有限公司,2016年1月13日,1681,挂牌
沙坪坝区西永组团U标准分区U7-12-2/03号宗地,医疗卫生用地,42064,≤63096,6310,重庆海吉亚医院管理有限公司,2016年1月13日,6310,拍卖
巴南区南彭功能区组团A分区A30-1/01、A30-2/01、A30-3/02、A31-3/02、A32-1/01、A32-2/01、A34-1/01号宗地,二类工业用地,121846,≥0.7,4338,重庆宗申实业发展有限公司,2016年1月13日,4338,挂牌
巴南区南彭功能区组团A分区A36-3/01号宗地,二类工业用地,240837,≥1.0,12166,重庆烟叶复烤有限公司,2016年1月13日,12166,挂牌
巴南区南彭功能区组团A分区A27-3/01、A27-2/02号宗地,物流仓储用地,96255,≤1.5,4855,重庆公运东盟国际物流有限公司,2016年1月13日,4855,挂牌
巴南区南彭功能区组团A分区A33-1/01、A33-2/01号宗地,教育科研用地,73151,≤146302,2636,重庆宗申实业发展有限公司,2016年1月13日,2636,挂牌
九龙坡区西永组团Y分区Y06-2/01号（部分3）宗地,一类工业用地,13151,≥0.7,987,重庆长江电器工业有限公司,2015年12月30日,987,挂牌
九龙坡区西永组团Y分区Y08-3/02号（部分1）宗地,一类物流仓储用地,19452,≤1.5,1732,重庆创宝置业有限公司,2015年12月30日,1732,挂牌
九龙坡区西永组团Y分区Y09-1/03号宗地,一类物流仓储用地、二类物流仓储用地,42810,≤1.5,3853,重庆创宝置业有限公司,2015年12月30日,3853,挂牌
大渡口区大渡口组团H分区H15-15-3号宗地,医疗卫生用地,31587,/,4118,重庆市残疾人联合会,2015年12月30日,4118,挂牌
两江新区龙兴组团A标准分区A2-8/01号宗地,二类工业用地,17479,≥0.7,656,重庆顺风汽车零部件有限公司,2015年12月30日,656,挂牌
巴南区李家沱组团IK分区I05-1/01、I05-2/01、I05-3/01、I05-6/01、I05-7/01号宗地,商务用地、商业用地、二类居住用地、体育用地,80524,≤238806,44180,重庆巴和城市建设投资有限公司,2015年12月29日,44180,挂牌
巴南区李家沱鱼洞组团O分区O62-5/01号宗地,二类居住用地、商业用地、商务用地,7005,≤21015,4538,重庆鲁能开发（集团）有限公司,2015年12月29日,4538,挂牌
沙坪坝区西永组团L标准分区L02-1/04、L02-3/04、L02-2/04、L02-4/04、L02-5/04、L02-6/04、L03-1/04、L03-2/04、L03-3/04、L05-2/04号宗地,二类居住用地，商业用地，商务用地,128014,≤388253,57742,重庆西永微电子产业园区开发有限公司,2015年12月29日,57742,挂牌
渝北区两路组团F分区F116-3、F116-4、两路(西部)组团F分区F119-2、F119-3、F119-4、两路组团F分区F122-1、两路(西部)组团F分区F123-1、F138-1、F138-2、F139-2号宗地,商业用地、商务用地，二类居住用地,174406,≤498607,149583,重庆鲁能开发（集团）有限公司,2015年12月29日,149583,挂牌
渝北区两路组团F分区F116-1、F116-2、F117-1、F117-2、F118-1、F118-2、F119-1、F120-1、F120-2、F121-2、F121-1号宗地,商业用地、商务用地，二类居住用地、社会停车场用地,209654,≤608588,183880,重庆鲁能开发（集团）有限公司,2015年12月29日,183880,挂牌
沙坪坝区西永组团L标准分区L04-1/04、L04-2/04、L04-3/04、L04-4/04、L04-5/04、L04-6/04、L04-7/04、L04-8/04、L04-9/04、L07-1/04号宗地,二类居住用地，商业用地，商务用地,120546,≤343034,51783,重庆西永微电子产业园区开发有限公司,2015年12月23日,51783,挂牌
两江新区水土组团E标准分区E37-1/01号宗地,二类居住用地、商业用地、商务用地,127922,≤134318,16119,重庆两江新区置业发展有限公司,2015年12月23日,16119,挂牌
两江新区水土组团E标准分区E1-1/01、E2-1/01、E9-1/01、E11-1/01号宗地,二类居住、商业、商务用地，B29-其它商务用地（生产性,89956,≤134935,13749,重庆两江新区置业发展有限公司,2015年12月23日,13749,挂牌
两江新区水土组团C标准分区C06-1/01、C07-1/01、C11-1/01、C12-1/01号宗地,二类居住用地,139317,≤177308,18778,重庆两江新区置业发展有限公司,2015年12月23日,18778,挂牌
巴南区界石组团S分区S11-4/02号宗地,二类工业用地,78973,≥1.0,3398,圣美精工(重庆)有限公司,2015年12月23日,3398,挂牌
巴南区李家沱组团V分区V12-3/03、V13-2/02号宗地,二类居住用地,88069,≤220173,37308,重庆恒拓置业有限公司,2015年12月21日,37308,挂牌
沙坪坝区西永组团L标准分区L24-3/04、L24-1/04、L24-2/04、L25-1/04、L25-2/04、L25-3/04号宗地,二类居住用地，商业用地，商务用地,79518,≤220784,29886,重庆西永微电子产业园区开发有限公司,2015年12月21日,29886,挂牌
沙坪坝区西永组团L标准分区L36/05、L37-1/05号宗地,二类居住用地,123989,≤247978,34469,重庆西永微电子产业园区开发有限公司,2015年12月21日,34469,挂牌
沙坪坝区西永组团J分区J02-01/04、J02-03/03号宗地,商业用地，商务用地,59762,≤149405,17929,重庆西部现代物流产业园区开发建设有限责任公司,2015年12月21日,17929,挂牌
南岸区茶园组团F分区F42-8-1/01局部地块,二类居住用地,16174,≤29113,5419,重庆聚乾房地产开发有限公司,2015年12月21日,5419,挂牌
大渡口区大渡口组团I分区I25、I30（部分）号宗地,商业用地、二类居住用地,65390,≤180537,29345,重庆诚投房地产开发有限公司,2015年12月25日,29345,挂牌
渝北区人和组团L分区L-19/03号宗地,二类居住用地，商业用地，商务用地,12912,≤71016,19033,重庆市碧桂园房地产开发有限公司,2015年12月25日,34500,拍卖
渝北区两路组团E标准分区E25-1/02号宗地,商业用地、商务用地,20249,≤70872,34019,重庆重之龙商贸有限公司、华成置业有限公司,2015年12月25日,34019,挂牌
九龙坡区西永组团Aa标准分区Aa-50-11/02号宗地,一类物流仓储用地,175690,≤1.5,14934,重庆市上桥粮食中转库有限责任公司,2015年12月25日,14934,挂牌
九龙坡区西彭组团A分区A72-1/03号宗地,一类物流仓储用地,107105,≤1.5,6107,重庆恒宽汽车配件制造有限责任公司,2015年12月25日,6107,挂牌
大渡口区大渡口组团E分区E3-3/05号宗地,体育用地,3510,≤7022,1188,重庆诚投房地产开发有限公司,2015年12月25日,29345,挂牌
沙坪坝区西永组团I标准分区I01-01/04号宗地,物流仓储用地,139740,≤1.5,10481,重庆园投仓储服务有限公司,2015年12月25日,10481,挂牌
两江新区水土组团C标准分区C03-1/01、C04-1/01、C05-1/01号宗地,二类居住用地、商业用地、商务用地,185190,≤326912,35725,重庆两江新区置业发展有限公司,2015年12月24日,35725,挂牌
沙坪坝区西永组团L标准分区L12-1/04、L12-2/04、L12-3/04、L12-4/04、L12-5/04、L12-6/04号宗地,二类居住用地，商业用地，商务用地,64822,≤194460,33449,重庆西永微电子产业园区开发有限公司,2015年12月24日,33449,挂牌
北碚区北碚组团A标准分区A23-1/03号宗地,商业用地、商务用地、娱乐康体用地,52626,≤100516,17000,大连万达商业地产股份有限公司,2015年12月23日,17000,挂牌
沙坪坝区西永组团L标准分区L05-3/04、L07-2/04、L10-3/04、L10-6/04号宗地,商业用地，商务用地，二类居住用地,91307,≤322843,53507,重庆西永微电子产业园区开发有限公司,2015年12月14日,53507,挂牌
沙坪坝区西永组团L标准分区L23-1/04、L23-2/04、L23-3/04、L23-4/04、L23-5/04、L23-6/04号宗地,二类居住用地，商业用地，商务用地,74455,≤189488,29146,重庆西永微电子产业园区开发有限公司,2015年12月14日,29146,挂牌
沙坪坝区西永组团L标准分区L26-2/04号宗地,商业用地，商务用地,16764,≤50292,8651,重庆西永微电子产业园区开发有限公司,2015年12月14日,8651,挂牌
沙坪坝区西永组团R标准分区R16-2/06号宗地,商业用地，商务用地,30472,≤106652,16352,重庆西永微电子产业园区开发有限公司,2015年12月14日,16352,挂牌
巴南区界石组团S分区S19/01号宗地,二类工业用地,98019,≥1.0,3845,重庆颖扬新材料有限公司,2015年12月9日,3845,挂牌
两江新区鱼嘴组团M标准分区M21/01、M23-1/01号宗地,商业用地、商务用地,79927,≤199818,24698,重庆两江新区置业发展有限公司,2015年12月4日,24698,挂牌
两江新区龙兴组团I分区I05-2/01号宗地,商务商业用地,42851,≤42851,4757,重庆古堡酒店管理有限公司,2015年12月4日,4757,挂牌
江北区观音桥组团G分区G07-4/02号宗地,医疗卫生用地,21078,≤67450,12889,重庆康华众联心血管病医院有限公司,2015年12月4日,12889,挂牌
两江新区龙兴组团G14-1/01、G14-1/02号（部分1）宗地,商业用地,51641.5,≤68400.89,20920,重庆泽胜文化旅游发展有限公司,2015年11月30日,20920,挂牌
两江新区龙兴组团G14-1/01、G14-1/02号（部分2）宗地,商业用地,3514.21,≤3438.07,1093,重庆龙天下农业开发有限责任公司,2015年11月30日,1100,拍卖
两江新区鱼嘴组团C标准分区C7-3/01号宗地,商业用地,15433,≤30866,4322,重庆两江新区鱼复工业园建设投资有限公司,2015年12月21日,4322,挂牌
两江新区龙兴组团H分区H79-1/01、H80-1/01、H82-1/01号宗地,二类居住用地,94844,≤142267,20771,重庆两江新区置业发展有限公司,2015年12月21日,20771,挂牌
大渡口区大渡口组团中梁山F分区F5-2号宗地,二类居住用地,20791,≤51978,7776,重庆奥珈置业有限公司,2015年12月21日,7776,挂牌
巴南区鱼洞组团P分区P01-07-1/03、P01-07-3/04号宗地,二类工业用地,119291,≥0.7,10282,重庆美利信科技有限责任公司,2015年12月21日,10282,挂牌
沙坪坝区西永组团I标准分区I02-01/0 4号(部分)宗地,物流仓储用地,146185,≤1.5,10950,韦欣有限公司,2015年12月21日,10950,挂牌
沙坪坝区西永组团U标准分区U7-17-3/03号宗地,中小学用地,136201,≤163441,5721,重庆沙坪坝教育投资有限责任公司,2015年12月21日,5721,挂牌
两江新区龙兴组团V标准分区V8-1/01 (部分一) 号宗地,其他服务设施用地,23013,≤34520,944,重庆通用航空产业集团有限公司,2015年12月21日,944,挂牌
九龙坡区金凤电子信息产业园区（近期）控规组团C分区C11-17-2/02、C11-19-1/03（部分4）号宗地,一类工业用地,182871,≥1.0,13746,重庆高新区开发投资集团有限公司,2015年12月21日,13746,挂牌
九龙坡区西彭组团D分区D38-1/01号宗地,一类工业用地,61933,≥0.7,3533,重庆西彭铝产业区开发投资有限公司,2015年12月21日,3533,挂牌
九龙坡区西彭组团D分区D75-1-2/02号(部分1)宗地,二类工业用地兼容一类工业用地,20003,≥0.7,1123,重庆川沁食品有限公司,2015年12月21日,1123,挂牌
九龙坡区西彭组团J分区J43-2/01号宗地,一类物流仓储用地兼容二类工业用地,19285,≤1.5,1081,重庆旭嘉仓储管理有限公司,2015年12月21日,1081,挂牌
沙坪坝区西永组团V标准分区V9-1/04号宗地,商业用地，二类居住用地,35959,≤71918,10213,重庆西永微电子产业园区开发有限公司,2015年12月17日,10213,挂牌
沙坪坝区西永组团L标准分区L15-1/04、L15-2/04、L15-3/04、L15-4/04、L15-5/04、L15-6/04号宗地,二类居住用地，商业用地，商务用地,87451,≤234772,35441,重庆西永微电子产业园区开发有限公司,2015年12月17日,35441,挂牌
沙坪坝区西永组团L标准分区L18-1/05号宗地,二类居住用地,57543,≤143858,21291,重庆西永微电子产业园区开发有限公司,2015年12月17日,21291,挂牌
沙坪坝区西永组团L标准分区L26-3/04号宗地,商业用地，商务用地,18516,≤74064,10462,重庆西永微电子产业园区开发有限公司,2015年12月17日,10462,挂牌
巴南区南彭功能区组团A分区A35-1/01号宗地,物流仓储用地,25070,≤1.5,1305,重庆凤凌物流有限公司,2015年12月17日,1305,挂牌
巴南区南彭功能区组团A分区A42-1/01号宗地,物流仓储用地,33437,≤1.5,1708,重庆军卫医药物流有限公司,2015年12月17日,1708,挂牌
九龙坡区西彭组团D分区D52-1-1/03号宗地,一类物流仓储用地兼容二类物流仓储用地,115593,≤1.5,6522,重庆西彭宝湾国际物流有限公司,2015年12月17日,6522,挂牌
九龙坡区西永组团Ad分区Ad02-3/02号宗地,一类工业用地,191002,≥1.0,14325,重庆雅科博光纤科技有限公司,2015年12月17日,14325,挂牌
北部新区礼嘉组团F标准分区F15-3/03号宗地,一类工业用地,18160,≥0.7,928,重庆博奥实业有限公司,2015年12月17日,928,挂牌
渝中区渝中组团E分区E6-1号宗地,二类居住用地、商业用地、商务用地,9547,≤77000,41098,重庆康翔实业有限公司,2015年11月26日,41098,挂牌
九龙坡区西彭组团R分区R69-1/02号宗地,二类工业用地,92873,≥0.7,7525,重庆庆铃专用汽车有限公司,2015年11月26日,7525,挂牌
巴南区李家沱-鱼洞组团M分区M30-1-3/02号宗地,二类居住用地,12947,≤28026.6,5658,重庆源邦置业发展有限公司,2015年11月20日,5658,挂牌
两江新区龙兴组团A标准分区A2-2/01号宗地,B9-其它服务设施用地,134308,≤201462,24176,东方时尚驾驶学校股份有限公司、重庆灿金投资有限公司,2015年11月20日,24176,挂牌
两江新区龙兴组团B标准分区B13-11/01号宗地,加油加气站用地,6056,按规划要求,2764,重庆中油两江发展有限公司,2015年11月20日,2764,挂牌
两江新区龙兴组团B标准分区B13-12/01号宗地,加油站用地,3384,按规划要求,1533,重庆中油两江发展有限公司,2015年11月20日,1533,挂牌
九龙坡区西永组团Y分区Y06-2/01号宗地,一类工业用地,20202,≥0.7,1516,重庆科夫投资有限公司,2015年11月20日,1516,挂牌
九龙坡区西永组团E分区E01-2/02、E01-3/02号宗地,一类工业用地,249449,≥1.0,18709,重庆皇庭九龙珠宝文化发展有限公司,2015年11月20日,18709,挂牌
两江新区鱼嘴组团J标准分区J05/01号宗地,二类工业用地,368789,≥0.7,9331,重庆现代摩比斯汽车零部件有限公司,2015年11月20日,9331,挂牌
两江新区龙兴组团T标准分区T1-1/01号宗地,二类工业用地,160431,≥0.7,4075,重庆兰羚天和科技股份有限公司,2015年11月20日,4075,挂牌
两江新区悦来组团C分区C05-1/07、C05-3/07、C06-1/06、C09-2/06、C10-3/06、C10-1/06号宗地,二类居住用地、商业用地、商务用地,163573,≤400722,108214,重庆两江商务中心置业有限公司,2015年11月27日,108214,挂牌
两江新区悦来组团C标准分区C14-1/06、C14-2/07、C18-1/07、C18-6/06号宗地,二类居住用地、商业用地、商务用地,100001,≤250004,67605,庆两江商务中心置业有限公司,2015年11月27日,67605,挂牌
两江新区悦来组团C分区C15-2/07、C17-5/04、C18-3/06号宗地,二类居住用地、商业用地、商务用地,165512,≤267291,99326,重庆两江商务中心置业有限公司,2015年11月27日,99326,挂牌
两江新区鱼嘴组团P标准分区P22-2/02、P26-2/03号宗地,商业用地、商务用地,52840,≤110046,12101,重庆两江新区格力地产有限公司,2015年11月27日,12101,挂牌
巴南区李家沱组团D分区D12-3/07号宗地,二类居住用地、商业用地,161541,≤373160,69035,四川蓝光和骏实业有限公司,2015年11月27日,69035,挂牌
沙坪坝区西永组团S分区S8-1/01(部分)号宗地,一类工业用地,3700,≥1.0,184,重庆市磁器口陈麻花食品有限公司,2015年11月27日,184,挂牌
渝北区两路组团A分区A100-1号宗地,一类工业用地、二类工业用地,71459,≥1.0,5003,重庆临空物流开发建设有限公司,2015年11月27日,5003,挂牌
九龙坡区西彭组团A分区A86-5/01-2号宗地,一类工业用地,40163,≥0.7,5889,重庆西彭铝产业区开发投资有限公司,2015年11月27日,5889,挂牌
九龙坡区西彭组团D分区D67-5-1/03、D69-1-1/04号宗地,二类工业用地,46489,≥0.7,2790,重庆艾琪干细胞科技有限公司,2015年11月27日,2790,挂牌
两江新区龙兴组团A标准分区A2-1/01号宗地,二类工业用地,100463,≥0.7,2552,MANDO(重庆)汽车零部件有限公司,2015年11月27日,2552,挂牌
两江新区龙兴组团A标准分区A4-1/01(部分二)号宗地,二类工业用地,21942,≥0.7,558,重庆现代制铁钢材有限公司,2015年11月20日,558,挂牌
九龙坡区西彭组团D分区D11-2/02地块,一类工业用地,51310,≥0.7,4026,重庆豪应商贸物流有限公司,2015年11月20日,4026,挂牌
两江新区龙兴组团T标准分区T7-2/01号宗地,二类工业用地,65425,≥0.7,1649,重庆可附特汽车零部件制造有限公司,2015年11月17日,1649,挂牌
两江新区龙兴组团B标准分区B10-1/01、B11-1/01号宗地,二类工业用地,237885,≥0.7,5995,海纳川重庆汽车部件有限公司,2015年11月17日,5995,挂牌
九龙坡区西彭组团R分区R02/03号（部分1）宗地,二类工业用地,238607,≥0.7,11795,北奔重型汽车重庆有限公司,2015年11月17日,11795,挂牌
沙坪坝区西永组团S标准分区S3/01号宗地,一类工业用地,55191,≥0.7,2407,重庆慧远药业有限公司,2015年11月16日,2407,挂牌
九龙坡区西彭组团J分区J41-2/03号宗地,二类工业用地,83314,≥0.7,4835,重庆盛源模具制造有限公司,2015年11月16日,4835,挂牌
九龙坡区西永组团Y分区Y04-2/01号（部分1）宗地,一类工业用地,66741,≥0.7,5006,重庆翼虎动力机械有限公司,2015年11月16日,5006,挂牌
巴南区界石组团S分区S20-1/02号宗地,二类工业用地,338963,≥1.0,15257,重庆惠科金渝光电科技有限公司,2015年11月9日,15257,挂牌
两江新区龙兴组团J标准分区J48-1/01、J49-1/01、J50-1/01、J51-1/01号宗地,其他商务用地（生产性服务业用地）、 商业用地、商务,124621,≤191620,12904,重庆乐视界置业发展有限公司,2015年11月9日,12904,挂牌
两江新区龙兴组团J标准分区J46-1/01、J47-1/01号宗地,二类居住用地,129790,≤207664,29238,重庆乐视界置业发展有限公司,2015年11月9日,29238,挂牌
高新区区西永组团Ad分区Ad10-3/01号宗地,教育科研用地(参照工业),15438,≤40910.7,6400,重庆恒中惠金实业有限公司,2015年11月5日,6400,挂牌
九龙坡区西彭组团A分区A12-1/05号宗地,一类工业用地兼容二类工业用地,5427,≥0.7,318,重庆卓洋物资有限公司,2015年10月20日,318,挂牌
两江新区两路组团K标准分区K08-1/02号宗地,一类工业用地、一类物流仓储用地,134838,≤1.5,8698,重庆普嘉仓储服务有限公司,2015年10月20日,8698,挂牌
两江新区龙兴组团V标准分区V13-1/01号宗地,二类工业用地,55121,≥0.7,1401,重庆迪爱斯希汽车部件有限公司,2015年10月20日,1401,挂牌
两江新区水土组团A标准分A29-1/01号宗地,一类工业用地,99903,≥1.0,2518,重庆两江新区水土高新技术产业园建设投资有限公司,2015年10月20日,2518,挂牌
两江新区鱼嘴组团C标准分区C7-1-1/01号宗地,二类工业用地,48962,≥0.7,1234,重庆前卫科技集团有限公司,2015年10月20日,1234,挂牌
巴南区南彭功能区组团A分区A18-1/01、A20-1/01号宗地,二类工业用地,67947,≥0.7,2517,重庆诚通南部物流有限公司,2015年10月20日,2517,挂牌
两江新区两路组团K标准分区K06-1/02号宗地,一类工业用地兼容一类仓储用地,146600,≤2.0,9236,重庆传云物联网技术有限公司,2015年10月8日,9236,挂牌
九龙坡区西彭组团D分区D81-1/01（部分2）号宗地,一类工业用地,25269,≥0.7,1342,重庆红天下食品有限公司,2015年10月8日,1342,挂牌
沙坪坝区西永组团M标准分区M21-2/03、M26-3/03、M26-1/03、M27-1/03、M28-1/03号宗地,二类居住用地、商业用地、商务用地,192433,≤442564,64323,重庆西永微电子产业园区开发有限公司,2015年9月28日,64323,挂牌
沙坪坝区西永组团M标准分区M22-5/03、M22-6/03、M29-2/03、M30-1/03、M30-4/03号宗地,二类居住用地、商业用地,90907,≤175576,28765,重庆西永微电子产业园区开发有限公司,2015年9月28日,28765,挂牌
渝中区渝中组团E分区E18-2号宗地,文化设施用地、娱乐用地、商业用地、商务用地,7768,≤154000,127350,重庆新华书店集团公司、重庆新华传媒有限公司、重庆北,2015年9月28日,127350,挂牌
两江新区鱼嘴组团P标准分区P8-1/01、P8-3/01号宗地,B29-其它商务用地（生产性服务业用地）,41797,≤62696,4515,重庆绿满川农业发展有限公司,2015年9月28日,4515,挂牌
南岸区弹子石组团D分区D1-10-2/03号宗地,二类居住用地,23279,≤69837,21956,重庆蓝光和骏置业有限公司,2015年9月28日,21956,挂牌
巴南区南彭组团C分区C12-1/01、C13-1/01号宗地,物流仓储用地,376566,≤2.5,11413,重庆华南城有限公司,2015年9月28日,11413,挂牌
巴南区南彭功能区组团A分区A9-1/01号宗地,物流仓储用地,68678,≤2.0,4061,重庆市消防产品防火建材市场,2015年9月28日,4061,挂牌
沙坪坝区西永组团S标准分区S8-1/01(部分)号宗地,一类工业用地,5989,≥1.0,257,重庆市沙坪坝区朱氏山庄长欣食品厂,2015年9月28日,257,挂牌
两江新区水土组团A标准分区A51-1/01（部分二）号宗地,一类工业用地,17023,≥0.7,429,上海明匠智能系统有限公司,2015年9月28日,429,挂牌
南岸区茶园组团M分区M1-3/02（部分一）号宗地,物流仓储用地,53767,≤1.5,3442,重庆市善和医药投资(集团)有限公司,2015年9月28日,3442,挂牌
九龙坡区西彭组团D分区D81-1/01（部分1 ）号宗地,一类工业用地,16747,≥0.7,908,重庆有源东春食品有限公司,2015年10月8日,908,挂牌
巴南区跳石镇组团D分区D01-3/01号宗地,二类工业用地,131233,≥1.0,4071,重庆光大集团乳业股份有限公司,2015年9月30日,4071,挂牌
南岸区茶园组团M分区M23-1/02（部分一）号宗地,二类工业用地,11853,≥0.7,747,重庆市丰美工贸有限公司,2015年9月30日,747,挂牌
巴南区界石组团T标准分区T11-8/02号、T11-9/02号、T11-7/02号宗地,R2B1，R2-二类居住用地兼容商业用地、二类居住用地,105538,≤240717,28278,重庆星界置业有限公司,2015年9月30日,28278,挂牌
大渡口区大渡口组团N标准分区N09-1（部分1）号,商务用地,13840,≤20762,2492,重庆红九九食品有限公司,2015年9月30日,2492,挂牌
九龙坡区西永组团Ab分区Ab17-1/02号宗地,商业用地、商务用地,51748,≤77622,12265,重庆明旗实业有限公司,2015年9月30日,12265,挂牌
江北区唐家沱组团E分区E28-1/02号宗地,商业用地、商务用地,9953,≤19910,4081,重庆市港城工业园区建设有限公司,2015年9月28日,4081,挂牌
沙坪坝区西永组团M标准分区M15/03、M16-1/03、M17-1/03、M18-1/03、M21-1/03号宗地,二类居住用地、商业用地、商务用地,199371,≤389679,58544,重庆西永微电子产业园区开发有限公司,2015年9月28日,58544,挂牌
沙坪坝区西永组团M标准分区M20-1/03号宗地,商业用地、商务用地,27109,≤32531,6669,重庆西永微电子产业园区开发有限公司,2015年9月28日,6669,挂牌
沙坪坝区西永组团M标准分区M22-1/03、M22-2/03、M22-4/03号宗地,二类居住用地、商业用地,76425,≤80246,14216,重庆西永微电子产业园区开发有限公司,2015年9月28日,14216,挂牌
九龙坡区大杨石组团Q分区QF4-2-1/04号宗地,二类居住用地、商业用地,61867,≤224640,64000,重庆鲁能开发(集团)有限公司,2015年8月31日,64000,挂牌
渝北区两路组团F标准分区50-1、53-1、54-1、55-1、55-2、55-3号宗地,二类居住用地、商业用地、商务用地、城市轨道交通用地,120137,≤458835.5,160592,重庆鲁能开发(集团)有限公司,2015年8月31日,160592,挂牌
沙坪坝区西永组团M标准分区M1-2/03号宗地,二类居住用地、商业用地,18593,≤19523,3180,重庆西永微电子产业园区开发有限公司,2015年8月31日,3180,挂牌
沙坪坝区西永组团M标准分区M2-3/03、M9/03、M5-1/03号宗地,二类居住用地、商业用地,112817,≤160606,29569,重庆西永微电子产业园区开发有限公司,2015年8月31日,29569,挂牌
沙坪坝区西永组团M标准分区M3-1/03、M6-1/03、M8-1/03号宗地,二类居住用地、商业用地,135413,≤342246,43796,重庆西永微电子产业园区开发有限公司,2015年8月31日,43796,挂牌
沙坪坝区西永组团R标准分区R39-3/04号宗地,商业用地,18616,≤22339,4394,重庆西永微电子产业园区开发有限公司,2015年8月31日,4394,挂牌
沙坪坝区西永组团M标准分区M10-2/03（部分）、M11-5/03、M12-1/03、M13-2/03、M14-6/03（部分）号宗地,二类居住用地、商业用地,112879,≤271570,36688,重庆西永微电子产业园区开发有限公司,2015年8月31日,36688,挂牌
沙坪坝区西永组团I标准分区I77-01/02、I79-01/02号宗地,物流仓储用地,172513,≤2,11351,重庆公路运输集团集装箱联运有限公司,2015年8月31日,11351,挂牌
巴南区木洞-麻柳组团C分区C9-1/03、C10-1/03、C11-1/03号宗地,二类工业用地,156782,≥1.0,5333,重庆尚盟宏远实业有限公司,2015年8月24日,5333,挂牌
九龙坡区西永组团C分区C11-3-1/02号（部分2）宗地,一类工业用地,7264,≥1.0,546,重庆美欧特机电制造有限公司,2015年8月24日,546,挂牌
南岸区茶园组团M分区M10-1/03（部分一）号宗地,物流仓储用地,28826,≤1.5,1817,重庆市原尚物流有限公司,2015年9月28日,1817,挂牌
南岸区茶园组团M分区M9-1/03号宗地,物流仓储用地,160931,≤2.0,10139,重庆南普仓储有限公司,2015年9月28日,10139,挂牌
南岸区茶园组团M分区M27-1/02号宗地,物流仓储用地,43930,≤1.5,2768,重庆城园置地有限公司,2015年9月28日,2768,挂牌
南岸区茶园组团M分区M22-1/02号宗地,物流仓储用地,117328,≤1.5,7392,重庆宏声天娇包装产业有限公司,2015年9月28日,7392,挂牌
大渡口区大渡口组团K分区K17号宗地,二类工业用地,22254,≥0.7,1714,重庆长征重工有限责任公司,2015年9月22日,1714,挂牌
南岸区茶园组团J分区J20-2/01号宗地,二类工业用地,12312,≥0.7,999,重庆渝海食品有限公司,2015年9月22日,999,挂牌
两江新区龙兴组团A标准分区A18-1/01（部分一）号宗地,二类工业用地,129468,≥0.7,3265,重庆现代摩比斯汽车零部件有限公司,2015年9月22日,3265,挂牌
两江新区龙兴组团A标准分区A18-1/01（部分二）号宗地,二类工业用地,33075,≥0.7,834,北汽岱摩斯汽车系统（重庆）有限公司,2015年9月22日,834,挂牌
两江新区水土组团A标准分区A51-1/01（部分六）号宗地,一类工业用地,37028,≥0.7,1489,重庆远大智诚印务有限公司,2015年9月22日,1489,挂牌
巴南区界石组团S标准分区S17/01号宗地,二类工业用地,131937,≥1.0,10953,重庆盈金园实业发展有限公司,2015年9月22日,10953,挂牌
巴南区木洞-麻柳组团A分区A12-5/01号宗地,供热用地,48496,按规划要求,1748,攀钢集团重庆钛业有限公司,2015年9月22日,1748,挂牌
渝北区两路组团A分区A013-1-2/02号宗地,加油站用地,3113,按规划要求,1837,重庆市渝北区惠明物资有限公司,2015年9月11日,1837,挂牌
巴南区界石组团S分区S26-1/02号宗地,二类工业用地,213135,≥0.6,8954,蓝月亮(重庆)有限公司,2015年9月11日,8954,挂牌
巴南区木洞麻柳功能区组团C分区C25-2/01号宗地,一类工业用地,21235,≥1.0,1469,重庆斯努特啤酒有限责任公司,2015年9月11日,1469,挂牌
巴南区南彭功能区组团A分区A41-1/01号宗地,物流仓储用地,137029,≤1.5,6991,重庆公运东盟国际物流有限公司,2015年9月11日,6991,挂牌
九龙坡区西永组团Ab分区Ab7-5/02号（部分2）宗地,一类物流仓储用地,16072,≤2.0,1302,重庆市车国物流有限公司,2015年9月8日,1302,挂牌
巴南区南彭功能区组团A分区A25-1/01号宗地,二类工业用地,65746,≥0.7,3027,重庆能投物流有限公司,2015年9月8日,3027,挂牌
九龙坡区西彭组团A分区A44-1/02号宗地,二类居住用地,54109,≤135273,14772,重庆市诚投房地产开发有限公司,2015年8月31日,14772,挂牌
九龙坡区西彭组团A分区A46-1/02号宗地,二类居住用地,32060,≤54502,5996,重庆市诚投房地产开发有限公司,2015年8月31日,5996,挂牌
九龙坡区西彭组团F分区F38-1/01、F37-7/02号宗地,批发市场用地,82801,≤124202,9944,重庆市纲谐实业股份有限公司,2015年8月31日,9944,挂牌
九龙坡区西彭组团D分区D76-2/01、D76-1/01号宗地,二类工业用地,86814,≥0.7,5036,重庆东鹏维他命饮料有限公司,2015年8月24日,5036,挂牌
九龙坡区西彭组团D分区D40-1/01号宗地,一类工业用地,20016,≥0.7,1203,重庆泓翔环保科技有限公司,2015年8月24日,1203,挂牌
九龙坡区西彭组团D分区D37-1/02号宗地,一类工业用地,19982,≥0.7,1181,重庆太岳新材料科技有限公司,2015年8月24日,1181,挂牌
两江新区两路组团K标准分区K09-1/02号宗地,一类工业用地兼容一类物流仓储用地,40750,≥0.7,3179,重庆金弓集团动力有限公司,2015年8月24日,3179,挂牌
两江新区水土组团A标准分区A48-4/01（部分三）号宗地,一类工业用地,18603,≥1.0,469,重庆高一智光电有限公司,2015年8月24日,469,挂牌
两江新区水土组团B标准分区B21-1/01号宗地,一类工业用地,22215,≥0.7,560,重庆川宜机电设备有限公司,2015年8月24日,560,挂牌
两江新区龙兴组团B标准分区B10-1/01号宗地,二类工业用地,26453,≥0.7,667,凯菲克汽车系统(重庆)有限公司,2015年8月24日,667,挂牌
两江新区龙兴组团B标准分区B1-1/01（部分四）号宗地,二类工业用地,36469,≥0.7,920,重庆鼎顺隆能源技术有限责任公司,2015年8月24日,920,挂牌
大渡口区大渡口组团N标准分区N09-1（部分）号宗地,商务用地,8068,≤12102,1461,中冶建工集团有限公司,2015年8月24日,1461,挂牌
南岸区茶园组团A分区A88/03号宗地,B1B2-商业用地、商务用地,24449,≤85572,18826,重庆市诚投房地产开发有限公司,2015年8月24日,18826,挂牌
两江新区水土组团B标准分区B40-1/01号宗地,一类工业用地,14053,≥0.7,355,重庆润生科技有限公司,2015年8月11日,355,挂牌
两江新区龙兴组团B标准分区B9-3/02号宗地,二类工业用地,65818,≥0.7,2291,重庆达创机电设备有限公司,2015年8月11日,2291,挂牌
南岸区茶园组团M分区M6-1（部分二）宗地,物流仓储用地,37804,≤2.0,2416,重庆恒祥实业有限公司,2015年8月11日,2416,挂牌
南岸区茶园组团M分区M6-1（部分一）宗地,物流仓储用地,41408,≤2.0,2651,重庆富沃思医疗器械有限公司,2015年8月11日,2651,挂牌
巴南区李家沱组团G分区G2-1/03号宗地,娱乐康体用地、商业用地,18776,≤28164,6347,重庆市城投房地产开发有限公司,2015年8月3日,6347,挂牌
九龙坡区西彭组团O分区O47-2/01、O48/01号宗地,二类居住用地,198837,≤357907,38973,重庆市城投房地产开发有限公司,2015年8月3日,38973,挂牌
巴南区李家沱组团P分区P04-03/04号宗地,物流仓储用地,28243,≤2.0,4697,重庆宝钢钢材加工配送有限公司,2015年8月3日,4697,挂牌
巴南区南彭功能区组团A分区A17-1/01号宗地,二类工业用地,7747,≥0.7,346,重庆中集瑞鹏物流有限公司,2015年8月3日,346,挂牌
九龙坡区西永组团O分区O18-2-2/02号（部分2）宗地,一类工业用地,60976,≥0.7,4574,重庆高新区开发投资集团有限公司,2015年7月28日,4574,挂牌
北碚区蔡家组团N标准分区N17-2/03号、N18-3/03号宗地,商业用地、一类居住用地,152579,≤159533,58362,重庆上善置地有限公司,2015年8月14日,58362,挂牌
北碚区蔡家组团N标准分区N16/03号、N19-3/03号宗地,二类居住用地、一类居住用地,144788,≤211192,58639,重庆上善置地有限公司,2015年8月14日,58639,挂牌
九龙坡区大杨石组团G分区G08-3/03、G12-1/02、G12-4/02号宗地,商业用地、商务用地、二类居住用地,74884,≤213097,66700,轩鹏有限公司,2015年8月14日,66700,挂牌
大渡口区大渡口组团P分区P2-15-3号宗地,加油加气站用地,3190,按规划要求,1675,中国石油天然气股份有限公司,2015年8月14日,1675,挂牌
两江新区北部新区组团B标准分区B7-4/02号宗地,城市轨道交通用地、商业用地、商务用地,11250,≤45016,13737,重庆怡置北部房地产开发有限公司,2015年8月14日,13737,挂牌
沙坪坝区西永组团S标准分区S10-2/02号宗地,二类工业用地,124343,≥0.7,5285,中机高科地质装备有限公司,2015年8月14日,5285,挂牌
九龙坡区西永组团Y分区Y07-3/01号宗地,一类工业用地,31757,≥0.7,2382,重庆燕牌电线电缆有限公司,2015年8月14日,2382,挂牌
九龙坡区西永组团Y分区Y03-5-2/02号宗地,一类工业用地,110555,≥0.7,28602,重庆高新区开发投资集团有限公司,2015年8月14日,28602,挂牌
两江新区龙兴组团B分区B7-1/01号（部分三）宗地,二类工业用地,36000,≥0.7,1354,重庆桂诺光电科技有限公司,2015年7月28日,1354,挂牌
两江新区水土组团A标准分区A09-2/01号宗地,U9-其它公用设施用地,5208,——,344,重庆华清能源有限公司,2015年8月11日,344,挂牌
两江新区水土组团A标准分区A02-1/01号宗地,二类工业用地,113516,≥0.7,4575,重庆华邦制药有限公司,2015年8月11日,4575,挂牌
两江新区鱼嘴组团Q分区Q5-3/01(部分二)号宗地,二类工业用地,82433,≥0.7,2144,重庆科尔本施密特活塞有限公司,2015年7月6日,2144,挂牌
两江新区鱼嘴组团C标准分区C10-2/02号宗地,二类工业用地,84237,≥0.7,2149,华域大陆汽车制动系统（重庆）有限公司,2015年7月6日,2149,挂牌
南岸区茶园-鹿角组团A分区A17-2/05、A12-1/03、A13-1/05、A19-6/05、A16/04、A11-1/03、A20-1/03、A20-3/03、A22-1/04、A23-2/05、A19-2/04号宗地,商业用地、商务用地、二类居住用地,380962,≤1442522,370152,北京金隅大成开发有限公司,2015年6月30日,370152,挂牌
沙坪坝区西永组团L标准分区L63/04号宗地,二类居住用地,192097,≤480243,58974,重庆西谷资产管理有限公司,2015年6月29日,58974,挂牌
沙坪坝区西永组团L标准分区L57-1/04、L57-2/04号宗地,二类居住用地，商业用地、商务用地,63847,≤161555,22092,重庆西永微电子产业园区开发有限公司,2015年6月29日,22092,挂牌
沙坪坝区西永组团L标准分区L58/03号宗地,二类居住用地、商业用地、商务用地,35799,≤89498,13532,重庆西永微电子产业园区开发有限公司,2015年6月29日,13532,挂牌
沙坪坝区西永组团L标准分区L01-1/03号宗地,二类居住用地,81151,≤186647,28403,重庆西永微电子产业园区开发有限公司,2015年6月29日,28403,挂牌
沙坪坝区西永组团L标准分区L59-1/03、L59-2/04号宗地,商业用地、商务用地，二类居住用地,65866,≤164665,26368,重庆西永微电子产业园区开发有限公司,2015年6月29日,26368,挂牌
北部新区大竹林组团O标准分区O8-04-1/02、O8-04-2/02、O8-06/02、O8-07/02号宗地,二类居住用地,133574,≤240433,84900,旭瑩（香港）有限公司、旭尚（香港）有限公司、重庆东,2015年6月29日,84900,拍卖
北部新区大竹林组团O标准分区O8-01-1/03、O8-01-4/03、O8-02/02、O8-03-1/02号宗地,二类居住用地、商业用地、商务用地,192045,≤395306,121100,旭瑩（香港）有限公司、旭尚（香港）有限公司、重庆东,2015年6月29日,148000,拍卖
北部新区大竹林组团O标准分区O02-2、O02-5、O20-2号宗地,一类居住用地、二类居住用地,189180,≤281870,103419,嘉遜發展香港（控股）有限公司、嘉遜置地有限公司,2015年7月14日,118000,拍卖
北部新区大竹林组团O标准分区O20-6、O20-7、O20-8、O20-9号宗地,二类居住用地,120953,≤362859,108979,重庆市金科实业集团、弘景房地产开发有限公司,2015年7月14日,108979,拍卖
北部新区大竹林组团O标准分区O23-1、O23-5、O23-10、O23-11、O28-10、O28-11、O28-12、O35-4号宗地,二类居住用地、商业用地,155277,≤390377,134201,重庆市金科实业集团、弘景房地产开发有限公司,2015年7月14日,134201,挂牌
两江新区鱼嘴组团Q分区Q5-3/01(部分一)号宗地,二类工业用地,114079,≥0.7,2932,重庆延锋江森汽车部件系统有限公司,2015年7月10日,2932,挂牌
巴南区木洞-麻柳组团C分区C8-1/02、C12-1/02号宗地,二类工业用地,166436,≥0.7,11763,重庆广泽安全产业发展有限公司,2015年7月10日,11763,挂牌
巴南区木洞-麻柳组团C分区C5-1/01、C6-1/01、C7-1/01号宗地,二类工业用地,79363,≥1.0,3687,重庆拓为建设投资有限公司,2015年7月10日,3687,挂牌
巴南区木洞-麻柳功能区组团C分区C6-1/01号宗地,二类工业用地,12259,≥1.0,413,重庆拓为建设投资有限公司,2015年7月10日,413,挂牌
巴南区木洞-麻柳组团C分区C33-2/03号宗地,二类工业用地,213140,≥0.8,8264,重庆百亚卫生用品有限公司,2015年7月10日,8264,挂牌
九龙坡区西永组团E分区E06-1/02号宗地,一类工业用地,15278,≥0.7,1146,重庆科中建材有限公司,2015年7月10日,1146,挂牌
两江新区鱼嘴组团F标准分区F08-4/02(部分二)号宗地,二类工业用地,60136,≥0.7,1546,鞍钢重庆高强汽车钢有限公司,2015年7月6日,1546,挂牌
两江新区龙兴组团B标准分区B7-1/01（部分二）号宗地,二类工业用地,42388,≥0.7,1103,重庆彼欧英瑞杰汽车系统有限公司,2015年7月28日,1103,挂牌
两江新区龙兴组团B标准分区B7-1/01（部分一）号宗地,二类工业用地,52750,≥0.7,1330,浦项(重庆)汽车配件制造有限公司,2015年7月28日,1330,挂牌
两江新区龙兴组团B标准分区B8-1/01号宗地,二类工业用地,38712,≥0.7,1626,重庆八菱龙兴汽车配件有限责任公司,2015年7月28日,1626,挂牌
两江新区龙兴组团A标准分区A4-1/01号宗地,二类工业用地,112216,≥0.7,2828,重庆现代海斯克钢材有限公司,2015年7月28日,2828,挂牌
沙坪坝区西永组团W标准分区Ｗ56－1/03、Ｗ56－2/03号宗地,一类工业用地,167034,≥1.0,6515,重庆西永微电子产业园区开发有限公司,2015年7月28日,6515,挂牌
沙坪坝区西永组团W标准分区Ｗ50－1/02（部分）号宗地,一类工业用地,59818,≥1.0,2333,重庆西永微电子产业园区开发有限公司,2015年7月28日,2333,挂牌
九龙坡区二郎科技新城组团A分区A6-1-4/03、A6-1-3/03号宗地,商业用地、商务用地,34836,≤132377,33756,中航里城有限公司,2015年7月20日,33756,挂牌
巴南区界石组团M分区M09/02、M10-2/02号宗地,中小学用地,50506,按规划要求,4053,重庆融创启洋置业有限公司、重庆葛洲坝融创金裕置业有,2015年7月20日,4053,挂牌
巴南区界石组团T标准分区T02/02号宗地,二类工业用地,75129,≥0.8,3715,重庆玛格家居有限公司,2015年7月20日,3715,挂牌
北部新区大竹林组团O标准分区O02-4、O03-2、O22-7、O22-8号宗地,二类居住用地,159190,≤357722,112389,嘉遜發展香港（控股）有限公司、嘉遜置地有限公司,2015年7月14日,126000,拍卖
沙坪坝区西永组团L标准分区L60-1/03号宗地,二类居住用地、商业用地、商务用地,40015,≤100038,15006,重庆西谷资产管理有限公司,2015年6月25日,15006,挂牌
九龙坡区中梁山组团I分区I05-1/03号宗地,二类工业用地,61422,≥0.7,7383,重庆壹本置业有限公司,2015年6月25日,7383,挂牌
沙坪坝区西永组团W标准分区W52－3／02、W53－1／02号宗地,一类工业用地,56065,≥1.0,2187,重庆西永服务贸易发展有限公司,2015年6月25日,2187,挂牌
九龙坡区大杨石组团K分区K22-1/03号宗地,商业用地、商务用地,6195,≤30975,15178,鹏润置业有限公司,2015年6月19日,15178,挂牌
九龙坡区中梁山组团J分区J05-13/03、J05-15/03、J05-20/02、J05-22/02号宗地,二类居住用地、商业用地、商务用地,62014,≤192750.3,48486,重庆观江置业发展有限公司,2015年6月19日,48486,挂牌
沙坪坝区双碑组团E分区E38-7-1/04、E55-1/04、E55-5/04、沙坪坝组团A分区沙A02-02/05号宗地,商业用地、商务用地、二类居住用地,95974,≤376179,109092,重庆融创基业房地产开发有限公司、重庆华美地产发展有,2015年6月19日,132500,拍卖
两江新区龙兴组团A分区A5-5/01号宗地,二类工业用地,129999,≥1.0,5226,重庆华辰物业发展有限公司、重庆华辰两江实业有限公司,2015年6月19日,5226,挂牌
两江新区鱼嘴组团Q分区Q6-6/01(部分)宗地,二类工业用地,7515,≥1.0,191,重庆楚商投资发展有限公司,2015年6月19日,191,挂牌
九龙坡区中梁山组团I标准分区I04-2/04号(部分1)宗地,二类工业用地,13015,≥0.7,1522,重庆科库商贸有限公司,2015年6月19日,1522,挂牌
九龙坡区西永组团Ad分区Ad05-6-2/02号宗地,一类工业用地,22802,≥1.0,1711,重庆市协隆机床展销有限公司,2015年6月19日,1711,挂牌
沙坪坝区西永组团L标准分区L61-1/04号宗地,二类居住用地,112008,≤201614,34051,重庆西谷资产管理有限公司,2015年6月26日,34051,挂牌
沙坪坝区西永组团L标准分区L01-3/03号宗地,二类居住用地,74278,≤148556,22432,重庆西谷资产管理有限公司,2015年6月26日,22432,挂牌
沙坪坝区西永组团L标准分区L22-1/03号宗地,二类居住用地,65581,≤131162,19806,重庆西谷资产管理有限公司,2015年6月26日,19806,挂牌
沙坪坝区西永组团L标准分区L66/04、L52/04、L53/04号宗地,二类居住用地、商业用地、商务用地,138077,≤340313,47894,重庆西谷资产管理有限公司,2015年6月26日,47894,挂牌
九龙坡区大杨石组团Q分区QF6-3-1/06、QF6-1/03号宗地,二类居住用地,39936,≤125494,35766,重庆联金盛置业有限公司,2015年6月26日,35766,挂牌
大渡口区大渡口组团N分区N05-1号宗地,商务用地,29789,≤44685,5363,重庆佛光伟业实业有限公司,2015年6月26日,5363,挂牌
沙坪坝区西永综合保税区A区组团N分区N4－6／01号宗地,一类工业用地,37308,≥1.0,1456,重庆西永服务贸易发展有限公司,2015年6月26日,1456,挂牌
九龙坡区二郎科技新城组团L分区L10-2/02号宗地,二类居住用地、商业用地、商务用地、防护绿地,11851,≤41478.5,13066,周薇苹、邓绍泉,2015年6月25日,13066,挂牌
巴南区南彭功能区（南彭物流基地部分）组团A分区A7-1/02号宗地,商业服务业设施用地,200599,≤401198,34514,重庆华南城有限公司,2015年6月25日,34514,挂牌
北碚区蔡家组团F标准分区F06-1/02号宗地,商业用地、商务用地,50962,≤127405,14270,渝商投资集团股份有限公司,2015年6月25日,14270,挂牌
九龙坡区西永组团C分区C11-3-1/02（部分1）号宗地,一类工业用地,16667,≥1.0,1251,重庆英格造粒包衣技术有限公司,2015年6月19日,1251,挂牌
九龙坡区西永组团C分区C11-10-1/02（部分1）号宗地,一类工业用地,14666,≥1.0,1115,重庆新锒田科技有限公司,2015年6月19日,1115,挂牌
九龙坡区西永组团C分区11-16-1/02号宗地,一类工业用地,4469,≥1.0,331,重庆乐成基业科技有限公司,2015年6月19日,331,挂牌
北碚区北碚组团A标准分区A72-4/03号宗地,二类居住用地,30844,56199,8711,上海实业发展股份有限公司,2015年6月17日,8711,挂牌
渝北区两路组团E标准分区E85-1号宗地,商业用地、商务用地、二类居住用地,42598,≤170392,65090,重庆诗城置业有限公司,2015年6月17日,65090,挂牌
九龙坡区大杨石组团R分区R11-1-3/04号宗地,二类居住用地,6290,≤25160,6542,上海瑞佑投资有限公司、上海佳赫投资有限公司,2015年6月17日,10400,拍卖
南岸区茶园组团D分区D23-3/04号宗地,一类工业用地,172054,≥1.0,12218,维沃移动通信（重庆）有限公司,2015年6月17日,12218,挂牌
南岸区茶园组团M分区M3-1/01号宗地,物流仓储用地,43965,≤2.0,2904,重庆市经济技术开发区法斯特保税仓有限公司,2015年6月17日,2904,挂牌
南岸区南坪组团K分区K3-10-2/03、K3-10-4/03、K3-10-6/03、K3-10-7/03号宗地,B1B2-商业用地、商务用地,171347,≤205831,65969,重庆豪德财富商业地产开发有限公司,2015年6月10日,65969,挂牌
南岸区茶园-鹿角组团A分区A62-4/05号宗地,B1-商业用地,10507,≤15025,3757,重庆市城投公租房建设有限公司,2015年6月10日,3757,挂牌
渝北区两路组团F标准分区F107-1号宗地,商业用地、商务用地,18823,≤65881,22739,重庆市空港新城建设投资（集团）有限公司,2015年6月10日,22739,挂牌
沙坪坝区双碑组团B分区13-4/03号宗地,二类工业用地,55631,≥0.7,2170,重庆泰源电力设备有限公司,2015年6月10日,2170,挂牌
两江新区两路组团K标准分区K03-2/02、Ｋ04-1/02号宗地,一类工业用地兼容一类仓储用地,261047,≤2.0,16394,重庆安美仓储有限公司,2015年6月10日,16394,挂牌
沙坪坝区西永组团L标准分区L39-7/03、L21-1/03号宗地,二类居住用地,70658,≤120106,20943,重庆西谷资产管理有限公司,2015年6月1日,20943,挂牌
沙坪坝区西永组团L标准分区L39-6/03号宗地,二类居住用地,21751,≤26101,4024,重庆西谷资产管理有限公司,2015年6月1日,4024,挂牌
沙坪坝区西永组团L标准分区L55/04号宗地,二类居住用地,57189,≤142973,19159,重庆西永服务贸易发展有限公司,2015年6月1日,19159,挂牌
沙坪坝区西永组团L标准分区L62-1/03号宗地,二类居住用地,45013,≤90026,10624,重庆西永服务贸易发展有限公司,2015年6月1日,10624,挂牌
沙坪坝区西永组团L标准分区L64/04号宗地,二类居住用地,52887,≤132218,18035,重庆西谷资产管理有限公司,2015年6月1日,18035,挂牌
沙坪坝区西永组团L标准分区L49/04号宗地,二类居住用地,43660,≤78588,11177,重庆西永服务贸易发展有限公司,2015年6月1日,11177,挂牌
沙坪坝区西永组团L标准分区L50/04号宗地,二类居住用地,52967,≤132418,17480,重庆西永服务贸易发展有限公司,2015年6月1日,17480,挂牌
沙坪坝区西永组团W标准分区W45-4/02、W49-5/02号宗地,商业用地、商务用地、二类居住用地,27252,≤54504,7631,重庆西永服务贸易发展有限公司,2015年5月20日,7631,挂牌
沙坪坝区西永组团W标准分区W58-3/02号宗地,商业用地、商务用地,14174,≤28348,3983,重庆西永服务贸易发展有限公司,2015年5月20日,3983,挂牌
沙坪坝区西永组团W标准分区W58-1/02、W58-6/02、W58-7/02号宗地,其他商务用地,95785,≤191570,26916,重庆西永服务贸易发展有限公司,2015年5月20日,26916,挂牌
沙坪坝区西永组团W标准分区W57-1/02（部分）、W57-3/02（部分）号宗地,其他商务用地,93432,≤186864,26255,重庆西永服务贸易发展有限公司,2015年5月20日,26255,挂牌
两江新区水土组团B标准分区B40-2/01号宗地,B29-其它商务用地（生产性服务业用地）,57033,≤102659,6907,重庆中科国扬智能技术有限公司,2015年5月20日,6907,挂牌
沙坪坝区西永综合保税区A区组团N标准分区N3－1／01（部分）号宗地,一类工业用地,219201,≥1.0,8549,重庆西永服务贸易发展有限公司,2015年5月20日,8549,挂牌
沙坪坝区西永综合保税区A区组团N分区N4－7／01号宗地,一类工业用地,22066,≥1.0,861,重庆西永服务贸易发展有限公司,2015年5月20日,861,挂牌
沙坪坝区西永综合保税区B区组团V分区V8－4／01号宗地,一类工业用地,412140,≥1.0,16074,重庆西永服务贸易发展有限公司,2015年5月20日,16074,挂牌
沙坪坝区西永组团W标准分区W59－1／02号宗地,一类工业用地,188937,≥1.0,7369,重庆西永服务贸易发展有限公司,2015年5月20日,7369,挂牌
沙坪坝区西永组团W标准分区W60－1／02号宗地,一类工业用地,142626,≥1.0,5563,重庆西永服务贸易发展有限公司,2015年5月20日,5563,挂牌
沙坪坝区西永组团L标准分区L45/03号宗地,二类居住用地、商业用地、商务用地,46846,≤117115,15413,重庆西谷资产管理有限公司,2015年6月1日,15413,挂牌
沙坪坝区西永组团V标准分区V16-4/02号宗地,商业用地、商务用地,59578,≤208523,31905,重庆西永服务贸易发展有限公司,2015年5月29日,31905,挂牌
沙坪坝区西永组团V标准分区V18-2/02、V16-6/02、V16-2/02号宗地,商业用地、商务用地、二类居住用地,111393,≤179517,36546,重庆西永服务贸易发展有限公司,2015年5月29日,36546,挂牌
沙坪坝区西永组团L标准分区L43/03号宗地,二类居住用地、商业用地、商务用地,35324,≤88310,13212,重庆西谷资产管理有限公司,2015年5月29日12：00时,13212,挂牌
沙坪坝区西永组团L标准分区L44-2/03、L42/03号宗地,二类居住用地、商业用地、商务用地,47681,≤119203,15850,重庆西谷资产管理有限公司,2015年5月29日12：00时,15850,挂牌
沙坪坝区西永组团L标准分区L54/04号宗地,二类居住用地,36586,≤91465,11928,重庆西谷资产管理有限公司,2015年5月29日,11928,挂牌
沙坪坝区西永组团L标准分区L60-2/03号宗地,二类居住用地,43975,≤109938,14732,重庆西永服务贸易发展有限公司,2015年5月29日,14732,挂牌
九龙坡区西永组团Z分区Z9-2/03号宗地,一类工业用地,11585,≥0.7,1156,重庆九龙制罐厂,2015年5月29日,1156,挂牌
巴南区李家沱组团P分区P04-04/04号宗地,W-物流仓储用地,20865,≤2.0,2928,重庆劲力高级润滑油有限公司,2015年5月29日,2928,挂牌
北部新区鸳鸯组团O标准分区O38-1/02(部分)宗地,R22-服务设施用地,3326,≤4989,905,重庆北恒投资发展有限公司,2015年5月25日,905,挂牌
沙坪坝区西永组团R标准分区R46/03号宗地,一类工业用地,31063,≥1.0,1212,重庆西永服务贸易发展有限公司,2015年5月20日,1212,挂牌
沙坪坝区西永组团W标准分区W42－3／02（部分）、W43－1／02（部分）号宗地,一类工业用地,184226,≥1.0,7185,重庆西永服务贸易发展有限公司,2015年5月20日,7185,挂牌
两江新区鱼嘴组团C标准分区C5-1/01号宗地,二类工业用地,7175,≥0.7,237,重庆美捷汽车配件有限公司,2015年5月20日,237,挂牌
两江新区鱼嘴组团B标准分区B10-1/01号宗地,二类工业用地,48903,≥0.7,1243,重庆北格电器有限公司,2015年5月20日,1243,挂牌
两江新区鱼嘴组团C分区C6-4/01(部分二)号宗地,二类工业用地,5334,≥0.7,139,重庆天得力投资有限公司,2015年5月20日,139,挂牌
沙坪坝区西永组团V标准分区V15-1/02号宗地,商业用地、商务用地,20760,≤33216,6395,重庆西永服务贸易发展有限公司,2015年5月19日,6395,挂牌
沙坪坝区沙坪坝组团M分区M19-5-2/05号宗地（部分一）,商业用地、商务用地,5803,≤11606,2206,重庆迈瑞城市建设投资有限责任公司,2015年5月19日,2206,挂牌
沙坪坝区沙坪坝组团M分区M19-5-2/05号宗地（部分二）,商业用地、商务用地,10544,≤21088,4007,重庆迈瑞城市建设投资有限责任公司,2015年5月19日,4007,挂牌
沙坪坝区西永组团W标准分区Ｗ54－1/02号宗地,一类工业用地,155041,≥1.0,6047,重庆西永服务贸易发展有限公司,2015年5月19日,6047,挂牌
沙坪坝区西永组团V标准分区V19-3/01号宗地,物流仓储用地,27820,≤2,1085,重庆西永服务贸易发展有限公司,2015年5月19日,1085,挂牌
沙坪坝区西永组团R标准分区R11/04号宗地,一类工业用地,24103,≥1.0,941,重庆西永服务贸易发展有限公司,2015年5月19日,941,挂牌
两江新区龙兴组团L标准分区L3-1/01号宗地,二类工业用地,25143,≥0.7,755,重庆霍富汽车部件有限公司,2015年5月15日,755,挂牌
两江新区龙兴组团A标准分区A18-1/01号宗地,二类工业用地,1871962,≥0.7,47174,北京现代汽车有限公司,2015年5月15日,47174,挂牌
两江新区水土组团D标准分区D08-2/01号宗地,一类工业用地,99292,≥0.7,2542,重庆鑫景特种玻璃有限公司,2015年5月15日,2542,挂牌
九龙坡区西彭组团D分区D28-2/03号宗地,一类工业用地,45230,≥1.0,2725,重庆市百可实业有限公司,2015年5月15日,2725,挂牌
巴南区南彭功能组团A分区A18-2/02号宗地,一类、二类工业用地,6564,≥1.0,512,重庆辰岭实业有限公司,2015年5月15日,512,挂牌
沙坪坝区西永组团W标准分区Ｗ51－1/02号宗地,一类工业用地,125248,≥1.0,4885,重庆西永服务贸易发展有限公司,2015年5月11日,4885,挂牌
沙坪坝区西永组团W标准分区Ｗ47－1／02号宗地,一类工业用地,99442,≥1.0,3879,重庆西永服务贸易发展有限公司,2015年5月11日,3879,挂牌
南岸区茶园组团I分区I20-1/03号宗地,一类工业用地,26998,≥1.0,2738,重庆市茶园工业园区建设开发有限责任公司,2015年5月5日,2738,挂牌
沙坪坝区西永组团S标准分区S13/01（部分二）号宗地,二类工业用地,62003,≥0.7,2736,重庆金华电器成套有限公司,2015年5月5日,2736,挂牌
渝北区观音桥组团D分区D18-3/01号宗地,商业用地、商务用地、二类居住用地,16478,≤65912,23432,重庆龙湖地产发展有限公司,2015年4月23日,26600,拍卖
九龙坡区西永组团Ad分区Ad12-3/01号宗地,一类工业用地,16336,≥1.0,1242,重庆海润节能技术股份有限公司,2015年4月22日,1242,挂牌
九龙坡区西永组团Y分区Y07-2-1/01号（部分2）宗地,一类工业用地,15727,≥0.7,1180,重庆金澳机械制造有限公司,2015年4月15日,1180,挂牌
九龙坡区西永组团Y分区Y07-2-1/01号宗地,一类工业用地,36237,≥0.7,2718,重庆广越都市工业园建设有限公司,2015年4月15日,2718,挂牌
两江新区水土组团B标准分区B77-1/01、B78-1/01、B78-3/01号宗地,一类工业用地,223794,≥1.0,5640,重庆联东金翔投资有限公司,2015年4月9日,5640,挂牌
两江新区水土组团A分区A48-4/01 (部分一) 号宗地,一类工业用地,66694,≥1.0,1681,重庆翰博光电有限公司,2015年4月9日,1681,挂牌
巴南区界石组团S标准分区S25/01号宗地,二类工业用地,15601,≥0.7,774,重庆市皓新科技有限公司,2015年4月2日,774,挂牌
巴南区李家沱鱼洞组团O分区O62-7/02号宗地,二类居住用地、商业用地、商务用地,90222,≤353670,67905,重庆鲁能开发(集团)有限公司,2015年3月30日,67905,挂牌
巴南区李家沱-鱼洞组团Q分区Q16-1/02、Q16-3/02号宗地,商业用地、商务用地、二类居住用地,128832,≤477328,90867,重庆市汉基伊达置业有限公司,2015年3月30日,90867,挂牌
巴南区木洞-麻柳功能区组团A分区A8-1/02号宗地,二类工业用地,170967,≥0.6,5815,攀钢集团重庆钛业有限公司,2015年3月30日,5815,挂牌
巴南区南彭功能区组团A分区A1-1/01号宗地,物流仓储用地,142570,≤2.0,7701,重庆协信汽车公园有限公司,2015年3月30日,7701,挂牌
北部新区礼嘉组团F标准分F22/03（部分）号宗地,一类工业用地,29371,≥0.7,1734,重庆市辐射技术服务中心有限公司,2015年3月30日,1734,挂牌
巴南区界石组团T标准分区T06-1/02号宗地,二类居住用地,42030,≤105075,13996,重庆云群实业有限公司,2015年3月9日,13996,挂牌
渝北区人和组团B、N标准分区B17-3/02号宗地,商业用地、商务用地、二类居住用地,24269,≤60673,8495,圣名国际商贸城有限公司,2015年3月9日,8495,挂牌
渝北区两路组团G标准分区G25-1/01（部分）、G26-5/01、G26-6/01、G26-7/01号宗地,二类居住用地、商业用地、商务用地（艺术传媒用地除外,28279,≤70150,11441,重庆富州房地产开发有限公司,2015年3月9日,13400,拍卖
两江新区水土组团B分区B04-1/01号宗地,一类工业用地,9770,≥0.7,264,重庆正川永成医药材料有限公司,2015年3月9日,264,挂牌
巴南区界石组团S标准分区S16-1/02号宗地,二类工业用地,174238,≥1.0,6624,重庆惠科金扬科技有限公司,2015年3月9日,6624,挂牌
九龙坡区西彭组团D分区D34-1/02号宗地,供燃气用地兼容一类工业用地,27349,≤2.0,1866,重庆恒盛能源开发有限公司,2015年3月9日,1866,挂牌
九龙坡区西彭组团J分区J41-3/01号宗地,二类工业用地,13340,≥0.7,775,重庆祥吉机械制造有限公司,2015年3月9日,775,挂牌
九龙坡区西永组团Z分区42-2/03号宗地,二类居住、商业用地,25666,≤76998,14192,重庆云创置业发展有限公司,2015年2月26日,14192,挂牌
两江新区水土组团B标准分区B39-5/01号宗地,一类工业用地,15121,≥0.7,515,重庆海浦洛自动化科技有限公司,2015年2月26日,515,挂牌
南岸区茶园组团F分区F52-3（部分）宗地,二类居住用地,48297,≤96594,17387,重庆渝能晨阳置业有限公司,2015-2-13,17387,挂牌
两江新区鱼嘴组团Q标准分区Q13-2/01号宗地,二类工业用地,445861,≥0.7,11236,重庆长安汽车股份有限公司,2015-2-13,11236,挂牌
两江新区鱼嘴组团Q标准分区Q4-1/01、Q5-4/01号宗地,二类工业用地,178502,≥0.7,4517,重庆长安汽车股份有限公司,2015-2-13,4517,挂牌
沙坪坝区西永组团Q标准分区Q6-2/02（部分一）号宗地,二类工业用地,31997,≥0.7,1504,重庆三温暖电气有限公司,2015-2-13,1504,挂牌
江北区观音桥组团I分区I17-1-2/02号宗地,商业用地、商务用地,15277,≤114578,101968,重庆新协文实业有限公司,2015-2-12,101968,挂牌
两江新区两路组团M分区M44-1/04号宗地,一类物流仓储用地、一类工业用地,62686,≦2.0,4174,重庆海领实业有限公司,2015-2-12,4174,挂牌
巴南区李家沱组团R分区R13-6/01号宗地,二类居住用地,67917,≤142625,24654,重庆晟沣地产发展有限公司,2015-2-4,24654,挂牌
两江新区水土组团B标准分区B04-2/01号宗地,加油站用地,4468,按规划要求,2024,重庆中油两江发展有限公司,2015-2-4,2024,挂牌
巴南区木洞-麻柳功能区组团A分区A5-1/02号宗地,二类工业用地,56422,≥0.6,1920,重庆关西涂料有限公司,2015-2-4,1920,挂牌
九龙坡区大杨石组团T分区T01-1-3/03、T01-1-7/03号宗地,商业用地、商务用地,42187,≤464057,232028,重庆中迪禾邦实业有限公司,2015-1-20,232028,挂牌
北碚区蔡家组团N分区N04-5/02、N04-6/02、N11/03号宗地,商业用地、商务用地、二类居住用地,99211,≤198422,40181,重庆上善置地有限公司,2015-1-20,40181,挂牌
两江新区两路组团I标准分区I53/02 、I54/02号宗地,二类居住用地,159121,≤461450.9,48055,重庆中农国信置业有限公司,2015-1-20,48055,挂牌
大渡口区大渡口组团S分区S5-3号宗地,二类工业用地,123187,≥0.7,11087,重庆龙文实业(集团)有限公司,2015-1-20,11087,挂牌
巴南区界石组团T标准分区T04-2/02号宗地,二类工业用地,35315,≥1.0,4929,重庆中远精密模具有限公司,2015-1-20,4929,挂牌
九龙坡区西永组团Ab分区Ab12-1/02号宗地,商业用地,120972,≤241946,29203,重庆赣江实业有限公司,2015年1月12日,29203,挂牌
沙坪坝区沙坪坝组团C分区06-5/04号宗地,商业用地,2282,≤6846,2397,重庆礼宴天下餐饮管理股份有限公司,2015年1月12日,2397,挂牌
南岸区茶园组团F分区F15-1/01(局部)宗地,二类居住用地,48750,≤195000,22523,重庆浩铭房地产开发有限公司,2015年1月12日,22523,挂牌
两江新区龙兴组团B分区B8-1/01（部分二）号宗地,二类工业用地,18070,≥0.7,764,重庆永帝模具开发有限公司,2015年1月12日,764,挂牌
两江新区龙兴组团B分区B8-1(部分三)号宗地,二类工业用地,16559,≥0.7,697,重庆飞扬热系统股份有限公司,2015年1月12日,697,挂牌
巴南区南彭功能区组团A分区A37-1/01、A38-1/01、A39-1/01、A40-1/01号宗地,物流仓储用地,323465,≤2.0,9706,重庆正益成远物流有限公司,2015年1月12日,9706,挂牌
巴南区南彭组团A标准分区A30-1/01、A30-2/01、A30-3/02、A31-1/02、A31-3/02号宗地,二类工业用地,104604,≥0.7,3719,重庆宗申实业发展有限公司,2015年1月12日,3719,挂牌
九龙坡区西永组团Aa分区45-1/02、46-1/02、46-2/03号宗地,一类仓储用地,201564,≤2.0,16529,重庆明品福物流有限责任公司,2015年1月12日,16529,挂牌
九龙坡区西永组团Ab分区Ab7-5/02、Ab9-1/02号宗地,一类物流仓储用地,49745,≤2.0,4060,重庆市车国物流有限公司,2015年1月12日,4060,挂牌
两江新区鱼嘴组团F标准分区F08-4/02号宗地,二类工业用地,131117,≥0.7,3305,鞍钢重庆高强汽车钢有限公司,2015年1月12日,3305,挂牌
江北区观音桥（溉澜溪南部片区）组团G标准分区G18/04、G20-1/04、G26-1/05号宗地,二类居住用地、商业商务用地,132502,≤1028949,413436,重庆恒大鑫溉置业有限公司,2015年1月8日,413436,挂牌
大渡口区大渡口组团重钢片区分区L26地块、L28地块,二类居住用地、商业用地、商务用地、文化设施用地、娱,216547,≤591140,148178,重庆渝富置业有限公司、重庆工业博物馆置业有限公司,2014年12月31日,148178,挂牌
北部新区鸳鸯组团I标准分区I5-2/04号宗地,交通枢纽用地、商业用地、商务用地、二类居住用地,16469,≤49400,14921,重庆恒中合泰投资有限公司、重庆城市综合交通枢纽（集,2014年12月31日,14921,挂牌
渝中区渝中组团F分区F15-4、F18号宗地,二类居住用地、商业用地、商务用地,48454,≤168525,126394,中航里城（香港）有限公司、重庆康翔实业有限公司,2014年12月30日,126394,挂牌
九龙坡区大杨石组团G分区G08-2-2/02、G09-7/02号宗地,二类居住用地、商务用地,35864,≤93417,23354,宏豊興業有限公司（CHAMP HARVEST CORPORATION LIMITE,2014年12月30日,23354,挂牌
九龙坡区西永组团Ab分区Ab11-1/02号宗地,批发市场用地,65037,≤130000,15740,重庆奥捷实业有限公司,2014年12月30日,15740,挂牌
大渡口区大渡口组团P分区P2-13-2地块、P2-15-1地块,二类居住用地、商业用地,194769,≤415532,64337,重庆绿地申炎房地产开发有限公司,2014年12月30日,64337,挂牌
两江新区龙兴组团B分区B3-1/01号宗地,二类工业用地,100069,≥0.7,3504,重庆卓通汽车零部件有限公司,2014年12月30日,3504,挂牌
两江新区龙兴组团B标准分区B6-1/01(部分一)号宗地,二类工业用地,51557,≥0.7,1935,重庆双英汽车座椅有限公司,2014年12月30日,1935,挂牌
两江新区龙兴组团B标准分区B5-1/01(部分四)号宗地,二类工业用地,28626,≥0.7,1204,重庆利和汽车零部件有限公司,2014年12月30日,1204,挂牌
两江新区龙兴组团B分区B1-1/01(部分三)号宗地,二类工业用地,66583,≥1.0,2798,重庆润洲俊洪实业有限公司,2014年12月30日,2798,挂牌
九龙坡区西彭组团J分区J43-2/01号宗地,一类物流仓储用地兼容二类工业用地,17532,≤2.0,1158,重庆旭嘉仓储管理有限公司,2014年12月30日,1158,挂牌
九龙坡区西彭组团J分区39-7/01号(部分1)宗地,二类工业用地,9781,≥0.7,1216,重庆奔发工贸有限公司,2014年12月30日,1216,挂牌
江北区观音桥组团I分区I06-3/02号宗地,二类居住用地,21749,76122,35321,冠华港贸易（深圳）有限公司,2014年12月29日,35350,拍卖
北碚区缙云山麓控规组团郊A分区郊A6-5-2/03号宗地,一类居住用地,38414,≤38415,8070,重庆鲁商地产有限公司,2014年12月29日,8070,挂牌
北碚区蔡家组团L标准分区L04-3/02、L05-1/04、L08/04、L09/04、L19-4/01、L20-2/04号宗地,二类居住用地、商业用地、商务用地、其他服务设施用地,117878,≤467361,80431,重庆市诚投房地产开发有限公司,2014年12月29日,80431,挂牌
两江新区两路组团I标准分区I55/02号宗地,商业用地、商务用地、二类居住用地,248072,≤545758.4,85585,重庆中农国信商贸有限公司、重庆中农国信置业有限公司,2014年12月29日,85585,挂牌
巴南区李家沱组团B分区B01-1/02号宗地,二类居住用地,3068,≤7670,1688,重庆昕晖帝祥房地产开发有限公司,2014年12月29日,1700,拍卖
大渡口区大渡口组团E分区E29-1/03号宗地,二类居住用地、商业用地、商务用地,6645,≤26580,6646,重庆新宝龙长投置业有限公司,2014年12月29日,6646,挂牌
九龙坡区西彭组团D分区71-2-1/02号（部分1）宗地,二类工业用地兼容一类工业用地,18110,≥0.7,1033,北京森迪时代安防技术有限公司,2014年12月29日,1033,挂牌
九龙坡区西彭组团D分区D71-2-1/02号（部分2）宗地,二类工业用地兼容一类工业用地,21142,≥0.7,1206,北京森迪时代安防技术有限公司,2014年12月29日,1206,挂牌
九龙坡区西彭组团D分区D71-1/02号宗地,二类工业用地,27691,≥0.7,1607,北京森迪时代安防技术有限公司,2014年12月29日,1607,挂牌
九龙坡区西彭组团D分区D72-1-1/02、D73-1-1/02号宗地,二类工业用地,26129,≥0.7,1516,北京森迪时代安防技术有限公司,2014年12月29日,1516,挂牌
九龙坡区西彭组团D分区D72-1-1/02号宗地,二类工业用地,20721,≥0.7,1202,北京森迪时代安防技术有限公司,2014年12月29日,1202,挂牌
九龙坡区走马功能区组团19-7/01号宗地,一类仓储用地,46715,≤2.0,6290,重庆九高物流股份有限公司,2014年12月29日,6290,挂牌
两江新区鱼嘴组团Q分区Q8-2/01号宗地,二类工业用地,20511,≥0.7,678,重庆洁环水处理设备有限公司,2014年12月26日,678,挂牌
两江新区龙兴组团B标准分区B9-3/01(部分三)号宗地,二类工业用地,35321,≥0.7,1326,重庆福然德汽车部件有限公司,2014年12月26日,1326,挂牌
九龙坡区西永组团Aa分区44-1/03、44-2/03号宗地,仓储用地,130751,≤2.0,10591,重庆公路运输（集团）有限公司,2014年12月26日,10591,挂牌
九龙坡区西永组团Ab分区Ab10-1/02号宗地,一类物流仓储用地,65462,≤2.0,4910,重庆可可香粮油有限公司,2014年12月26日,4910,挂牌
九龙坡区西永组团C分区11-5-1/02号（部分3）宗地,工业用地,11614,≥1.0,883,重庆灼映建材有限责任公司,2014年12月26日,883,挂牌
九龙坡区西永组团C分区C11-6-1/02号宗地,一类工业用地,19814,≥1.0,1506,重庆金凤电子信息产业有限公司,2014年12月26日,1506,挂牌
九龙坡区西永组团C分区C11-19-1/03号（部分2）宗地,一类工业用地,10608,≥1.0,796,重庆金凤电子信息产业有限公司,2014年12月26日,796,挂牌
巴南区李家沱-鱼洞组团Q标准分区Q08-2/02、Q09-1/01、Q09-2/01、Q11-1/01、Q12-1/01、Q12-3/01号宗地,二类居住用地、商业用地、商务用地,208630,≤437891(总建筑面积),100666,重庆中交置业有限公司,2014年12月22日,100666,挂牌
巴南区李家沱-鱼洞组团Q分区Q04-4/01、Q07-2/01、Q10/01、Q12-1/01号宗地,二类居住用地,199659,≤471364(总建筑面积),108398,重庆中交置业有限公司,2014年12月22日,108398,挂牌
九龙坡区西彭组团L分区L15-01/02号(部分2)宗地,一类工业用地、二类工业用地,12084,≥0.7,1016,重庆辛辛纳图斯科技有限公司,2014年12月22日,1016,挂牌
九龙坡区西彭组团L分区L10-01/02号宗地,二类工业用地,27717,≥0.7,3601,重庆黄河摩托车有限公司,2014年12月29日,3601,挂牌
九龙坡区西彭组团L分区L15-01-2/03号宗地,二类工业用地,12386,≥0.7,1718,重庆中瀚铝业有限公司,2014年12月29日,1718,挂牌
沙坪坝区西永组团M标准分区M40-1/02、M43-2/02、M45-2/02号宗地,二类居住用地，兼容商业用地,160406,≤368934,38133,重庆市诚投房地产开发有限公司,2014年12月26日,38133,挂牌
渝北区两路组团E分区E72-2/02（部分）、E72-4/01（部分）号宗地,二类居住用地、商业商务用地、社会停车场用地,30525,≤74315.5,20875,重庆泽京吉辉房地产开发有限公司,2014年12月26日,26500,拍卖
北碚区蔡家组团N标准分区N04-2/02、N10/03、N13/03号宗地,二类居住用地,122359,≤260770,49600,重庆上善置地有限公司,2014年12月26日,49600,挂牌
九龙坡区西彭组团O分区O29-2/01、O29-3/01、O37-1/02、O30-1/02号宗地,二类居住用地、商业用地,168734,≤341449,37261,重庆市诚投房地产开发有限公司,2014年12月26日,37261,挂牌
九龙坡区西彭组团O分区O31-1/01、O31-4/01、O38/01、O32-1/01号宗地,二类居住用地、商业用地,132539,≤277518,32099,重庆市诚投房地产开发有限公司,2014年12月26日,32099,挂牌
九龙坡区西彭组团O分区O49-3/01号宗地,二类居住用地,110510,≤198918,21550,重庆市诚投房地产开发有限公司,2014年12月26日,21550,挂牌
九龙坡区大杨石组团H分区H20-2/02、H21/03号宗地,商业用地、商务用地,16848,≤101088,53577,嘉遜發展香港（控股）有限公司,2014年12月26日,53577,挂牌
北碚区北碚组团A标准分区A22-1/02号宗地,一类工业用地,13125,≥0.7,1641,重庆新百利汽车销售有限公司,2014年12月26日,1641,挂牌
九龙坡区西永组团C分区C11-8-1/03号宗地,一类工业用地,31771,≥1.0,2383,重庆华磊商品混凝土有限公司,2014年12月22日,2383,挂牌
九龙坡区西永组团O分区O18-2-2/02号宗地,一类工业用地,38734,≥0.7,2906,重庆植恩药业有限公司,2014年12月22日,2906,挂牌
巴南区李家沱组团B标准分区B08-2-2/05号宗地,二类居住用地、商业用地、商务用地、公共交通场站用地,30445,≤85246,18085,重庆城市综合交通枢纽（集团）有限公司,2014年12月19日,18085,挂牌
南岸区南坪组团K分区K3-6-1/03号宗地,加油加气站用地,4640,按规划要求,5053,重庆市城市建设投资（集团）有限公司,2014年12月19日,5053,挂牌
南岸区茶园-鹿角组团I分区I01-1-2/02宗地,加油站用地,2511,按规划要求,2967,重庆市城市建设投资（集团）有限公司,2014年12月19日,2967,挂牌
九龙坡区缙云山组团E分区E01/01号宗地,一类居住用地、商业用地,95447,≤95448(总建筑面积),15558,重庆力扬物业发展有限公司,2014年12月19日,15558,挂牌
九龙坡区西彭组团J分区J07-1/01、J08-1/01、J10-2/01、J10-5/01、J11-3/01、J13-1/02、J14-2/02、J15-1/01号宗地,二类居住用地、商业用地、娱乐康体用地,142420,≤605733,65518,重庆市诚投房地产开发有限公司,2014年12月19日,65518,挂牌
九龙坡区西永组团Y分区Y08-3/02、Y08-4/02号宗地,一类物流仓储用地,33590,≤2.0,3007,重庆创宝置业有限公司,2014年12月19日,3007,挂牌
巴南区南彭功能区组团A分区A21-1/01号宗地,物流仓储用地,225998,≤2.0,10602,重庆传化物流基地有限公司,2014年12月19日,10602,挂牌
两江新区鱼嘴组团Q标准分区Q7-1/01号地块,二类工业用地,232974,≥0.7,6059,重庆长安汽车股份有限公司,2014年12月19日,6059,挂牌
巴南区李家沱组团C分区C-2-2-2/04、C-2-1/04、C-2-4/04号宗地,商业用地、商务用地、二类居住用地,60581,≤194315.6,39910,重庆柏海源投资有限公司,2014年12月5日,39910,挂牌
巴南区巴南民主工贸园区组团D分区D3-10-1/04号宗地,商业用地,7102,≤17755,3203,重庆曦圆房地产开发有限公司,2014年12月5日,3203,挂牌
大渡口区大渡口组团C分区C38-2（部分）号宗地,医疗卫生用地,2704,≤5410,974,重庆亿地地产开发有限公司,2014年12月5日,974,挂牌
九龙坡区西彭组团D分区D39-1/02号宗地,一类工业用地,66059,≥0.7,3964,重庆康辉机械制造有限公司,2014年12月5日,3964,挂牌
巴南区南彭功能区组团A分区A10-2/01、A12-1/01号宗地,物流仓储用地,53996,≤2.0,3404,重庆懋缘物流有限责任公司,2014年12月5日,3404,挂牌
南岸区茶园组团N分区N18-3地块,物流仓储用地,69470,≤2.0,11552,重庆市南岸资产经营管理有限公司,2014年12月5日,11552,挂牌
南岸区茶园-鹿角组团A分区A29-2/04、A84-8/03号宗地,一类居住、二类居住、商业、商务、娱乐康体,128587,≤157589.7,40186,重庆中房嘉润房地产开发有限公司,2014年12月1日,40186,挂牌
九龙坡区西彭组团D分区D27-1/02号宗地,一类工业用地,15144,≥0.7,909,重庆泰利德化学工业有限公司,2014年12月1日,909,挂牌
九龙坡区西永组团Y分区Y05-5-2/02号宗地,一类工业用地,89558,≥0.7,6717,重庆华世丹机械制造有限公司,2014年12月1日,6717,挂牌
巴南区南彭功能区组团A分区A14-1/01号宗地,物流仓储用地,31532,≤2.0,1484,重庆鼎润物流有限公司,2014年12月1日,2190,拍卖
两江新区龙兴组团I标准分区I1-1/01号宗地,二类物流仓储用地,101351,≤2.0,5333,丰江仓储（重庆）有限公司,2014年12月19日,5333,挂牌
巴南区李家沱组团G标准分区G14-2/02、G15-3/02、G16-3/02号宗地,二类居住用地、商业用地,179454,≤419296,79667,重庆市诚投房地产开发有限公司,2014年12月17日,79667,挂牌
巴南区李家沱-鱼洞组团G标准分区G21-1/02、G21-3/02、G22-1/02号宗地,二类居住用地、商业用地,114860,≤344580,69007,重庆市诚投房地产开发有限公司,2014年12月17日,69007,挂牌
巴南区李家沱-鱼洞组团B、G标准分区G25-1/02、G26-1/02号宗地,二类居住用地,118019,≤318651.3,64557,重庆市诚投房地产开发有限公司,2014年12月17日,64557,挂牌
巴南区李家沱-鱼洞组团G标准分区G27-1/02、G28-1/02、G30-1/02号宗地,二类居住用地、商业用地,113679,≤341037,64798,重庆市诚投房地产开发有限公司,2014年12月17日,64798,挂牌
两江新区龙兴组团B分区12-1/01（部分一）号宗地,二类工业用地,268181,≥0.7,6759,中联重科股份有限公司,2014年12月17日,6759,挂牌
两江新区龙兴组团B标准分区12-1/01（部分二）号宗地,二类工业用地,33798,≥0.7,852,中联重科股份有限公司、重庆中科盛弘科技集团有限公司,2014年12月17日,852,挂牌
两江新区龙兴组团B标准分区12-1/01（部分三）号宗地,二类工业用地,66801,≥0.7,1684,重庆中科盛弘科技集团有限公司,2014年12月17日,1684,挂牌
大渡口区大渡口组团I分区I59/02、I61-1/02、I62-1/02、I71-3/02、I64-1/02（部分）宗地,商业用地、二类居住用地、小学用地,143164,≤324033.2,58326,重庆市诚投房地产开发有限公司,2014年12月8日,58326,挂牌
九龙坡区大杨石组团L分区L5-9-1/04号宗地,商业用地、商务用地、娱乐康体用地,12921,≤32302.5,8722,重庆融堃商贸有限公司,2014年12月5日,10200,拍卖
巴南区李家沱-鱼洞组团Q标准分区Q04-3/01号宗地,中小学用地,65783,按规划要求,5658,重庆德普教育投资有限公司,2014年12月1日,5658,挂牌
两江新区鱼嘴组团J标准分区J04-9/01号宗地,加油加气站用地,4645,按规划要求,2108,重庆中油两江发展有限公司,2014年11月26日,2108,挂牌
大渡口区大渡口组团E分区E11/02号宗地,商业用地、商务用地、二类居住用地,25979,≤181867,78255,成都布鲁泰尔置业有限公司,2014年11月21日,78255,挂牌
九龙坡区西彭组团K分区K5-1号宗地,商业用地、商务用地,2897,≤8691,878,重庆巨磊房地产开发有限公司,2014年11月21日,878,挂牌
大渡口区大渡口组团C分区C38-5（部分）号宗地,商业用地、商务用地,2064,≤4130,1182,重庆市大渡口新城建设有限责任公司,2014年11月21日,1182,挂牌
巴南区李家沱-鱼洞组团E标准分区E04-4-3/05、E04-4-4/05号宗地,二类居住用地、商业用地、商务用地、防护绿地,46900,≤164150,39068,重庆互康房地产开发有限公司,2014年11月21日,39068,挂牌
巴南区李家沱组团P标准分区P02-02/03号宗地,二类工业用地,111869,≥0.7,15532,重庆光宇摩托车制造有限公司,2014年11月21日,15532,挂牌
江北区溉澜溪片区组团G分区G15/03、G16-1/03、G16-2/02、G16-3/03、G17-1/02号宗地,二类居住用地、商业商务用地、中小学用地,216335,≤505265.4,245482,重庆创盈锦玺置业有限公司,2014年11月13日,245482,挂牌
九龙坡区西彭组团L分区L8/02、L11/02、L12/02、L13-1/02、L14-02/02号宗地,二类工业用地,384246,≥0.7,28805,重庆融慧创展投资发展有限公司,2014年11月13日,28805,挂牌
江北区观音桥组团B分区B02-2-2/04号宗地,二类居住用地,18596,≤46503.07,17381,四川博瑞德产业投资发展有限公司、成都惠泽天地创业投,2014年11月10日,17390,拍卖
九龙坡区西永组团Z分区Z23-3/03号（部分2）宗地,二类工业用地,22660,≥0.7,1088,重庆摩尔水处理设备有限公司,2014年10月20日,1280,拍卖
巴南区南彭功能区组团A分区A36-1/01号宗地,工业用地,197789,≥1.0,9299,重庆烟叶复烤有限公司,2014年10月20日,9299,挂牌
巴南区南彭组团A标准分区A2-3/02、A2-1/02、A4-2/02、A4-3/01、A6-1/02、A6-3/01、A8-3/01、A8-2/01、A8-4/02号宗地,物流仓储用地,1041993,按规划要求,32112,重庆华南城有限公司,2014年10月20日,32112,挂牌
高新区大杨石组团C分区C16-4、D分区D1-1、D5-4号宗地,二类居住用地、商业金融业用地,69160,≤167676.99,60440,重庆高科集团有限公司,2009年1月21日,26307,挂牌
渝北区两路组团F标准分区F98-1、F98-2、F99-1、F99-2、F100-2、F101-1、F102-1、F103-1、F104-1号宗地,二类居住用地、商业用地、商务用地,217221,≤604919.5,213456,良年有限公司、新疆鼎信辉智投资有限合伙企业,2014年10月15日,213456,挂牌
渝北区人和组团B、N标准分区N18-2号宗地,商业用地、商务用地,35142,≤112455.36,25338,重庆新康国际控股有限公司,2014年10月15日,25338,挂牌
沙坪坝区西永组团L标准分区L56-6/04号宗地,二类居住用地,26094,≤33360,8324,重庆国盛滨溪房地产开发有限公司,2014年10月9日,8324,挂牌
大渡口区大渡口组团A分区A23-3号宗地,中小学用地,34155,按规划要求,2562,重庆市大渡口区巴渝中学校,2014年10月9日,2562,挂牌
大渡口区中梁山组团L分区L17-08(部分)地块、L23-02(部分)地块,商业用地、商务用地,13684,≤34185,4448,重庆酒宜实业有限公司,2014年10月9日,4448,挂牌
九龙坡区二郎科技新城中心区组团M分区M12-1/03、M12-2/02号宗地,二类居住用地、商业用地、商务用地,32413,≤121570.5,28732,重庆斌鑫集团有限公司,2014年10月9日,28732,挂牌
两江新区鱼嘴组团P标准分区P7-1/01（部分二）号宗地,B29-其它商务用地（生产性服务业用地）,13467,≤20200.5,1215,张伟,2014年11月10日,1220,拍卖
两江新区鱼嘴组团P标准分区P7-1/01(部分一)号宗地,B29-其它商务用地（生产性服务业用地）,11636,≤17454,1050,上海荣振投资集团有限公司,2014年11月10日,1050,挂牌
两江新区鱼嘴组团P分区P5-1/01号宗地,B29-其它商务用地（生产性服务业用地）,25003,≤37504.5,2254,重庆三峡联合国际实业发展有限公司,2014年11月10日,2254,挂牌
南岸区茶园-鹿角组团F分区F08-1/02、F08-4/02号宗地,商业用地、商务用地,12316,23920.6,5265,重庆川博房地产开发有限公司,2014年11月5日,5265,挂牌
两江新区龙兴组团I标准分区I02-4/01号宗地,加油加气站用地,3977,按规划要求,1801,重庆中油两江发展有限公司,2014年10月20日,1801,挂牌
九龙坡区大杨石组团Q分区QF3-2-1/03号宗地,商业用地,2358,≤9432,3730,重庆泽一置业发展有限公司,2014年10月20日,3730,挂牌
九龙坡区大杨石组团I分区I26/03号宗地,交通枢纽用地、商业用地、商务用地,16274,≤73237.5,24526,中嘉國際控股有限公司(China Global International Ho,2014年10月20日,44000,拍卖
九龙坡区西彭组团R标准分区R78/02、R77-03/02、R77-04/02号宗地,二类居住用地,167645,≤335288,42750,重庆百康年城市建设发展有限公司,2014年10月20日,42750,挂牌
九龙坡区西彭组团D分区D79-1/01号宗地,一类工业用地,24308,≥0.7,1359,重庆明珠床垫有限公司,2014年10月20日,1359,挂牌
九龙坡区西永组团Z分区Z23-3/03号（部分4）宗地,二类工业用地,22111,≥0.7,1062,重庆明川电子有限公司,2014年10月20日,1062,挂牌
渝北区人和组团B、N分区N17-1号宗地,商业用地、商务用地、二类居住用地,5925,≤17776.2,3729,重庆北部农业开发（集团）有限公司,2014年10月9日,3729,挂牌
渝北区两路组团F分区F51-1、F46-2号宗地,二类居住用地,80141,≤160283.6,57061,重庆鲁能开发（集团）有限公司,2014年10月9日,57061,挂牌
九龙坡区西永组团O分区O9-1-2/01号宗地,加油加气站用地,3550,按规划要求,1168,中国石油天然气股份有限公司重庆销售分公司,2014年9月26日,1168,挂牌
两江新区龙兴组团G分区G22-1/01号宗地,商业、商务、娱乐康体、体育用地,628655,≤628655,36871,重庆际华目的地中心实业有限公司,2014年9月26日,36871,挂牌
渝中区大杨石组团E分区E12-4号宗地,二类居住、商业用地、商务用地、公园绿地,48694,≤265000,113950,重庆佑山房地产开发有限公司,2014年9月26日,113950,挂牌
两江新区鱼嘴组团B分区B15-1/01号宗地,二类工业用地,1103913,≥0.7,27819,重庆长安汽车股份有限公司,2014年9月22日,27819,挂牌
两江新区龙兴组团B分区B5-1/01（部分五）宗地,二类工业用地,21621,≥0.7,909,重庆双五汽车零部件有限公司,2014年9月22日,909,挂牌
两江新区鱼嘴组团Q标准分区Q10-1/01、Q11-1/01号宗地,二类工业用地,107632,≥1.0,4327,重庆中农投资发展有限公司,2014年9月22日,4327,挂牌
两江新区水土组团A标准分区A48-2/01（部分二）号宗地,一类工业,26321,≥1.0,664,重庆嘉泰罗光电科技有限公司,2014年9月22日,664,挂牌
两江新区水土组团A标准分区A51-1/01（部分四）号宗地,一类工业,16613,≥0.6,419,重庆东进世美肯电子材料有限公司,2014年9月22日,419,挂牌
沙坪坝区西永组团I标准分区I88-01-1/03、I89-01/02号宗地,物流仓储用地,95624,0.5≤容积率≤2,11628,重庆闽商置业发展有限公司,2014年9月18日,11628,挂牌
江北区大石坝组团A分区A2-1-1/02、A2-3/02、A4-1-2/02号宗地,二类居住用地、商业用地、商务用地,111745,≤244502,80197,重庆华美鼎丰置业有限公司,2014年9月10日,80197,挂牌
九龙坡区西永组团Ab分区Ab12-1/02号宗地,商业用地,58232,≤116464,13627,重庆赣江实业有限公司,2014年9月5日,13627,挂牌
九龙坡区中梁山组团I分区I04-2/04号（部分4）宗地,二类工业用地,25774,≥0.7,3008,重庆鑫渝康机电有限公司,2014年9月5日,3008,挂牌
九龙坡区中梁山组团I分区I03-6/03号宗地,二类工业用地,14764,≥0.7,1716,重庆市联发塑料原料工业有限公司,2014年9月5日,1716,挂牌
九龙坡区中梁山组团I分区I13-2/03号（部分1）宗地,二类工业用地,24646,≥0.7,2873,重庆永丹钢管有限公司,2014年9月5日,2873,挂牌
九龙坡区中梁山组团I标准分区11-1/03号（部分3）宗地,二类工业用地,33075,≥0.7,3875,重庆安泽机械有限公司,2014年9月5日,3875,挂牌
九龙坡区中梁山组团I分区I11-1/03号（部分4）宗地,二类工业用地,63996,≥0.7,7736,重庆壹本置业有限公司,2014年9月5日,7736,挂牌
北碚区蔡家组团B标准分区B10-5/02宗地,二类工业用地,44784,≥0.7,4703,重庆首钢武中汽车部件有限公司,2014年9月5日,4703,挂牌
北部新区礼嘉组团F标准分区F21-1/03宗地,一类工业用地,266360,≥0.7,9350,重庆康明斯发动机有限公司,2014年9月5日,9350,挂牌
九龙坡区西彭组团R分区01/03号（部分1）宗地,二类工业用地,51875,≥0.7,4328,重庆九发包装印务有限公司,2014年9月18日,4350,拍卖
九龙坡区西彭组团R分区01/03号（部分2）宗地,二类工业用地,96524,≥0.7,15953,重庆旺龙实业（集团）有限公司,2014年9月18日,15953,挂牌
九龙坡区中梁山组团I标准分区I10-2/03号宗地,二类工业用地,77876,≥0.7,7934,重庆平氏科技有限公司,2014年9月18日,7934,挂牌
九龙坡区中梁山组团I分区08-1/03（部分2）宗地,二类工业用地,25395,≥0.7,2992,重庆鑫磊机械制造有限公司,2014年9月18日,2992,挂牌
九龙坡区西永组团Aa分区Aa-49-1/02号、Aa-49-2/02号宗地,一类物流仓储用地,60796,≤2.0,4842,重庆市德远投资有限公司,2014年9月18日,4842,挂牌
九龙坡区中梁山组团I标准分区I13-1/04号宗地,二类工业用地,112993,≥0.7,11506,重庆平氏科技有限公司,2014年9月18日,11506,挂牌
大渡口区大渡口组团N分区N11-1（部分）宗地,一类工业用地,13124,≥0.7,1092,重庆市万家燕医药有限公司,2014年9月18日,1092,挂牌
大渡口区大渡口组团N分区N13-1号宗地,一类工业用地,8800,≥0.7,732,重庆团金科技有限公司,2014年9月18日,732,挂牌
北部新区礼嘉组团F标准分区F22/03（部分）宗地,一类工业用地,14700,≥0.7,662,"AVON AUTOMOTIVE HOLDINGS,INC.",2014年9月18日,662,挂牌
北部新区礼嘉组团F标准分区F26/03（部分）宗地,一类工业用地,46681,≥0.7,1639,长安福特汽车有限公司,2014年9月18日,1639,挂牌
两江新区水土组团A标准分区A51-1/01（部分五）号宗地,一类工业,20143,≥0.6,508,住化电子材料科技（重庆）有限公司,2014年9月22日,508,挂牌
两江新区水土组团A标准分区A51-1/01（部分一）号宗地,一类工业,26626,≥1.0,671,重庆广榛光电科技有限公司,2014年9月22日,671,挂牌
两江新区水土组团A标准分区A48-2/01（部分三）号宗地,一类工业,42882,≥1.0,1081,重庆嘉泰罗光电科技有限公司,2014年9月22日,1081,挂牌
两江新区水土组团B标准分区B26-1/01号宗地,一类工业,75649,≥1.0,2043,重庆市兴国金科灯具有限公司,2014年9月22日,2043,挂牌
两江新区水土组团A标准分区A51-1/01（部分三）号宗地,一类工业,20018,≥1.0,505,重庆通灿电子有限公司,2014年9月22日,505,挂牌
两江新区水土组团A标准分区A48-4/01（部分二）号宗地,一类工业,40010,≥1.0,1009,重庆宇隆光电科技有限公司,2014年9月22日,1009,挂牌
两江新区水土组团A标准分区A48-2/01（部分一）号宗地,一类工业,16539,≥1.0,417,重庆嘉泰罗光电科技有限公司,2014年9月22日,417,挂牌
北碚区蔡家组团N标准分区N12/02、N15/03、N19-1/03、N19-2/03号宗地,二类居住用地、一类居住用地,179986,≤254649,72900,重庆上善置地有限公司,2014年9月18日,72900,挂牌
九龙坡区中梁山组团I标准分区I08-1/03号（部分4）宗地,二类工业用地,19973,≥0.7,2342,重庆市九龙坡区永鑫机械有限公司,2014年9月18日,2342,挂牌
九龙坡区中梁山组团I标准分区I14-1/04号（部分1）宗地,二类工业用地,24123,≥0.7,2523,重庆平氏科技有限公司,2014年9月18日,2523,挂牌
九龙坡区大杨石组团Q标准分区F2-5-1地块、F3-5-1地块,二类居住用地、商业用地、商务用地,117402,≤455212,127460,UP WEALTH INVESTMENT LIMITED（上益投资有限公司）,2014年8月28日,149000,拍卖
巴南区惠民中心组团A分区A10-6/01号宗地,二类居住用地,18806,≤28209,3122,重庆泰驰置业有限公司,2014年8月28日,3122,挂牌
两江新区龙兴组团C标准分区C5-1/03号地块,体育用地,21124,≤1.5,533,2014年8月28日,重庆市德辉龙兴实业有限公司,533,挂牌
两江新区悦来组团D标准分区D04-6/05号宗地,文化设施用地,6676,≤13352,1085,重庆悦来投资集团有限公司,2014年8月28日,1085,挂牌
两江新区鱼嘴组团Q标准分区Q6-6/01(部分二)宗地,二类工业,78092,≥0.7,3385,重庆美联伟格资产经营管理有限公司,2014年8月28日,3385,挂牌
北部新区金山组团C分区C49-1南侧部分宗地,二类工业用地,8119,≥0.7,713,重庆西山科技有限公司,2014年8月28日,713,挂牌
九龙坡区西彭组团J分区17-2/02号宗地,二类居住用地,22376,≤40277,5200,重庆旭城置业有限公司,2014年8月25日,5210,拍卖
九龙坡西永组团Ab分区Ab11-1/02号宗地,批发市场用地,71782,≤143566,16654,重庆奥捷实业有限公司,2014年8月25日,16654,挂牌
大渡口区中梁山组团F分区F5-4、F5-5、F8-1、F8-3号宗地,二类居住用地,65976,≤143149,28400,重庆金科房地产开发有限公司,2014年9月10日,28600,拍卖
九龙坡区中梁山组团I分区I11-1/03号（部分2）宗地,二类工业用地,19705,≥0.7,2313,重庆显荣实业有限公司,2014年8月25日,2313,挂牌
九龙坡区中梁山组团I分区I13-2/04号（部分2）宗地,二类工业用地,20648,≥0.7,2421,重庆今朝物流有限公司,2014年8月25日,2421,挂牌
九龙坡区西彭组团L分区L10-01/01(部分1)号宗地,二类工业用地,10750,≥1.0,965,重庆龙宜装饰材料有限公司,2014年8月25日,965,挂牌
九龙坡区西彭组团L分区L10-01/01(部分2)号宗地,二类工业用地,11265,≥1.0,961,重庆禾可香粮油有限公司,2014年8月25日,961,挂牌
九龙坡区西彭组团L分区L10-01/01(部分3)号宗地,二类工业用地,11357,≥0.7,973,重庆奇骞机械制造有限公司,2014年8月25日,973,挂牌
九龙坡区西彭组团R分区R18-03/04号宗地,二类工业用地,81530,≥0.7,5963,隆鑫通用动力股份有限公司,2014年8月25日,5963,挂牌
九龙坡区西彭组团L分区L15-01/02(部分1)号宗地,二类工业用地,11272,≥0.7,1255,重庆侨森建材有限公司,2014年8月25日,1255,挂牌
九龙坡区西彭组团L分区L15-01/02(部分3)号宗地,二类工业用地,6067,≥0.7,588,重庆勋科机械有限公司,2014年8月25日,588,挂牌
大渡口区大渡口组团N分区N37/02（部分）、N43-1/04（部分）宗地,一类工业用地,62198,≥1.0,2800,重庆红九九食品有限公司,2014年8月25日,2800,挂牌
巴南区南彭功能区组团A分区A3-1/01号宗地,二类工业用地,278809,≥0.6,20911,重庆盈福物流有限公司,2014年8月25日,20911,挂牌
北碚区蔡家组团B分区B35-1/03号宗地,科研用地,6824,≤1.2,1025,重庆东风南方汽车销售服务有限公司,2014年8月25日,1025,挂牌
沙坪坝区西永组团S标准分区S8-2/01号宗地,二类工业用地,52039,≥0.7,6081,中国兵工物资西南有限公司,2014年8月25日,6081,挂牌
沙坪坝区西永组团J标准分区J04-01/03（部分）号宗地,仓储用地兼容一类工业用地,77309,≤2.0,3813,重庆铁路口岸物流开发有限责任公司,2014年8月18日,3813,挂牌
沙坪坝区西永组团J分区J08-01/04、J04-01/03(部分)宗地,仓储用地兼容一类工业用地,157706,≤2.0,9928,重庆铁路口岸物流开发有限责任公司,2014年8月14日,9928,挂牌
两江新区悦来组团D标准分区D14-1/06、D14-3/05、D11-7/06号宗地,商业用地、二类居住用地,261525,≤375694.5,135563,重庆融创基业房地产开发有限公司、葛洲坝海集房地产开,2014年8月14日,135563,挂牌
渝北区悦来组团D分区17-2/05、17-4/05、17-5/05、17-6/04、18-1/05、18-3/05、15/05号宗地,商业用地、商务用地、二类居住用地,181378,≤414976,116249,重庆融创基业房地产开发有限公司、葛洲坝海集房地产开,2014年8月14日,116249,挂牌
两江新区悦来组团D标准分区D16-2/05、D16-3/05、D16-4/05、D19-3/04号宗地,二类居住用地,140233,≤267993.8,88566,重庆融创基业房地产开发有限公司、葛洲坝海集房地产开,2014年8月14日,88566,挂牌
巴南区李家沱组团D分区D3-3/03号宗地,二类居住用地、商业用地、商务用地,14622,≤21933,4826,易泽东,2014年8月12日,4826,挂牌
九龙坡区中梁山组团I分区I04-2/04号（部分6）宗地,一类工业用地,20065,≥0.7,2378,重庆千禧汽车地毯制造有限责任公司,2014年8月12日,2378,挂牌
九龙坡区西彭组团R分区R39-1/02号宗地,二类工业用地,37081,≥1.0,3367,重庆九龙园高新产业集团有限公司,2014年8月12日,3367,挂牌
九龙坡区西永组团C分区C11-19-1/03（部分1）号宗地,一类工业用地,7128,≥1.0,535,重庆海蓝川马光电科技有限公司,2014年8月12日,535,挂牌
巴南区李家沱组团R分区R13-7/01号宗地,一类工业用地,83006,≥1.0,2800,重庆云教育文化产业投资开发有限公司,2014年7月18日,2800,挂牌
巴南区木洞组团C分区C5-1/01、C6-1/01、C7-1/01号宗地,二类工业用地,126974,≥1.0,12636,重庆拓为建设投资有限公司,2014年7月18日,12636,挂牌
九龙坡区西永组团Aa分区Aa-51-2/02号宗地,二类工业用地,88371,≥1.0,3845,重庆市龙泉食品有限公司,2014年7月18日,6950,拍卖
九龙坡区中梁山组团I分区I08-1/03号（部分1）号宗地,二类工业用地,25186,≥0.8,2975,重庆蟠龙印务有限公司,2014年7月18日,2975,挂牌
九龙坡区中梁山组团I分区11-1/03号（部分1）宗地,二类工业用地,5264,≥1.0,626,重庆弘泽装饰工程有限公司,2014年7月18日,626,挂牌
九龙坡区中梁山组团I分区08-1/03号宗地,二类工业用地,4756,≥0.7,538,重庆九龙园高新产业集团有限公司,2014年7月18日,538,挂牌
九龙坡区中梁山组团I分区I04-2/04号(部分2)宗地,二类工业用地,8512,≥1.0,980,重庆二轻供销有限公司,2014年7月18日,980,挂牌
九龙坡区中梁山组团I分区I04-2/04号（部分3）宗地,二类工业用地,5532,≥1.0,657,重庆钻发机械有限公司,2014年7月18日,657,挂牌
沙坪坝区歌乐山镇中心区控规组团A标准分区A03-2/03号,二类居住用地,22037,≤33056,4298,重庆回兴建设开发有限公司,2014年7月15日,4300,拍卖
九龙坡区大杨石组团G分区G07-5-1/02号宗地,加油站用地,3965,按规划要求,2014,重庆市城市建设投资（集团）有限公司,2014年7月9日,2014,挂牌
巴南区南彭功能区组团A分区A16-2/01号宗地,二类工业用地,35616,≥0.5,2672,重庆新时代润滑油有限公司,2014年8月12日,2672,挂牌
两江新区龙兴组团A标准分区A15-1/01号地块,二类仓储用地,224757,≤2.0,11800,维龙（重庆）仓储设施有限公司,2014年8月12日,11800,挂牌
巴南区界石组团G分区G4-3/01、G2-3/01、G6-3/01号宗地,商业用地、商务用地,27684,≤30452,4264,重庆纬信置业有限公司,2014年7月29日,4264,挂牌
沙坪坝区西永组团L标准分区L08-4/03号宗地,商业用地、商务用地,5035,≤20140,4258,精博信华实业（香港）有限公司,2014年7月29日,4258,挂牌
沙坪坝区西永组团L标准分区L10-1/03、L10-2/03、L10-4/03、L10-5/03号宗地,二类居住用地、商业用地、商务用地,40601,≤133671,31532,精博信华实业（香港）有限公司、重庆美敦置业有限公司,2014年7月29日,31532,挂牌
九龙坡区西永组团Z分区Z29-1/03号宗地,二类工业用地,23440,≥0.7,1126,重庆巨泰机械有限公司,2014年7月29日,1126,挂牌
巴南区木洞麻柳功能区组团A标准分区A4-1/01号宗地,二类工业用地,148698,≥0.6,5019,北大医药股份有限公司,2014年7月29日,5019,挂牌
沙坪坝区西永组团R标准分区R65-3/04（部分）地块,一类工业用地,3676,≥0.7,142,亿科电气股份有限公司,2014年7月29日,305,拍卖
九龙坡区西彭组团R分区R18-1/04号宗地,LNG液化天然气用地,4666,按规划要求,1666,重庆市能航天然气有限公司,2014年7月18日,1666,挂牌
九龙坡区二郎科技新城组团A分区A2-2-3-1/05号宗地,加油站用地,7602,按规划要求,3815,重庆市城市建设投资（集团）有限公司,2014年7月18日,3815,挂牌
巴南区A2-2/01号宗地,加油站用地,7260,按规划要求,4695,重庆市城市建设投资（集团）有限公司,2014年7月9日,4695,挂牌
巴南区南彭中心区组团A18-1/02、A18-2/03、A24-2/02、A24-1/03、A30-1/02号宗地,一类工业用地、二类工业用地,223485,≥0.7,16762,重庆四方混凝土有限公司,2014年7月9日,16762,挂牌
两江新区水土组团A标准分区A27-1/01（部分一）地块,一类工业用地,10000,≥0.6,252,液化空气（重庆）有限公司,2014年7月9日,252,挂牌
两江新区水土组团A标准分区A20-2/01、A22/01地块,一类工业用地,95443,≤2.0 ≥1.0,2406,重庆腾讯信息技术有限公司,2014年7月9日,2406,挂牌
渝北区两路组团G标准分区G63-1号宗地,零售商业用地、批发市场用地,19832,≤49580.75,7933,重庆兆隆置业有限公司,2014年6月27日,7933,挂牌
南岸区茶园组团B分区B44-1号地块,二类居住用地,142417,≤213625.5,65175,重庆康田米源房地产开发有限公司,2014年6月27日,65175,挂牌
南岸区茶园组团B分区B48-3、B44-2号地块,二类居住用地,150756,≤226134,68990,重庆康田米源房地产开发有限公司,2014年6月27日,68990,挂牌
两江新区龙兴组团B标准分区B1-1/01号（部分三）地块,二类工业用地,35864,≥0.7,1345,重庆宜北贸易有限公司,2014年6月25日,1910,拍卖
两江新区龙兴组团B标准分区B5-1/01号（部分二）地块,二类工业用地,13353,≥0.7,561,重庆金顺汽车零部件科技有限公司,2014年6月25日,561,挂牌
两江新区龙兴组团B分区B5-1/01号（部分一）,二类工业用地,19517,≥0.7,820,武汉瑞明汽车部件有限公司,2014年6月25日,820,挂牌
双碑组团E分区54-2/03、54-3/02、54-4/02号宗地,二类居住用地、商业用地、商务用地,48517,139303,45099,信达重庆房地产开发有限公司,2014年6月17日,45100,拍卖
双碑组团E分区53-1/03、53-2/02、53-3/02号宗地,二类居住用地；商业用地、商务用地,62605,186307.5,61482,重庆渝富资产经营管理集团有限公司,2014年6月17日,61490,拍卖
双碑组团E分区52-1/03、52-3/02号宗地,二类居住用地；商业用地、商务用地,72144,176563.5,58528,金融街重庆置业有限公司,2014年6月17日,58530,拍卖
双碑组团E分区38-5/03号宗地,二类居住用地,3774,3775,1442,重庆渝富资产经营管理集团有限公司,2014年6月17日,1442,挂牌
双碑组团E分区38-7/03号宗地,二类居住用地,23609,64216.5,19832,重庆渝富资产经营管理集团有限公司,2014年6月17日,19832,挂牌
双碑组团E分区55-1/03、55-5/03号宗地,商业用地、商务用地,38678,151495.5,45867,重庆渝富资产经营管理集团有限公司,2014年6月17日,45867,挂牌
沙坪坝组团B分区B05-1/03、B05-3/03号宗地,二类居住用地、商业用地、商务用地,58885,277182,93093,重庆国盛物业（集团）有限公司、重庆渝富置业有限公司,2014年6月17日,93093,挂牌
大渡口区大渡口组团H分区H15-13-1/05号宗地,二类居住用地、商业用地、商务用地、防护绿地,51780,≤201949.8,40390,重庆融品汇智房地产开发有限公司,2014年6月17日,40400,拍卖
重庆市北碚区蔡家组团H分区H24-02/03、H22-03/02、H31-01/03、H32-01/03号宗地,二类居住用地,182574,347258,59397,重庆力帆置业有限公司,2014年6月13日,59397,挂牌
巴南区李家沱组团B分区B1-2/04号宗地,加油站用地,5731,按规划要求,2538,重庆龙禹石油有限公司,2014年6月11日,2538,挂牌
渝北区人和组团B、N标准分区B09-1/02号宗地,二类居住用地,8753,≤13129.65,3152,重庆长龙实业（集团）有限公司,2014年6月11日,3160,拍卖
渝北区两路组团F分区132-1/02号宗地,商业用地、商务用地（含新闻传媒）,22901,≤120900,57342,重庆日报报业集团产业有限责任公司,2014年6月11日,57342,挂牌
渝北区两路组团A分区A109-1/02号宗地,一类工业用地,50778,≥0.7,3553,重庆肇康利汇医药科技有限公司,2014年6月11日,3850,拍卖
渝北区唐家沱组团C分区C3-13/02号宗地,一类工业用地,33404,≥0.7,2337,中国石油集团川庆钻探工程有限公司川东钻探公司,2014年6月11日,2337,挂牌
渝北区两路组团G分区G59/01（部分）、G61/01（部分）号宗地,工业用地,66114,≥1.0,4626,两江国际控股股份有限公司,2014年6月11日,4626,挂牌
北部新区礼嘉组团B标准分区B22-1/04、B22-2/04号宗地,一类居住用地,166437,≤183081,61915,深圳华侨城股份有限公司,2014年6月3日,61915,挂牌
北部新区礼嘉组团B标准分区B20-4/04、B20-5/04号宗地,二类居住用地,179625,≤449063,98615,豪力有限公司,2014年6月3日,98615,挂牌
北部新区礼嘉组团B标准分区B16-3/04、B18-1/04、B19-1/04、B21-1/04号宗地,一类居住用地、二类居住用地、商业用地、娱乐康体用地,198609,≤258921,82610,深圳华侨城股份有限公司,2014年6月3日,82610,挂牌
北部新区礼嘉组团B标准分区B15-1/04、B16-1/04、B16-2/04、B17-1/04、B17-2/04号宗地,一类居住用地、二类居住用地、商业用地、娱乐康体用地,198793,≤246501,79309,深圳华侨城股份有限公司,2014年6月3日,79309,挂牌
北部新区礼嘉组团B标准分区B14-1/04、B20-1/04、B20-2/04号宗地,二类居住用地、商业用地,168339,≤463308,83766,深圳华侨城股份有限公司,2014年6月3日,83766,挂牌
沙坪坝区双碑组团E分区23-2/03、23-3/03、24-1/03、24-2/03号宗地,商业用地、商务用地；二类居住用地,81544,≤244632,75028,重庆首永置业有限公司,2014年6月20日,75028,挂牌
沙坪坝区双碑组团E分区39-3/03号宗地,二类居住用地,66405,≤199215,59765,重庆首永置业有限公司,2014年6月20日,59765,挂牌
沙坪坝区双碑组团E分区45-1/03号宗地,二类居住用地,70354,≤211062,63319,重庆首永置业有限公司,2014年6月20日,63319,挂牌
大渡口区大渡口重钢片区组团L分区L26、L16、L24、L25、L21-2、L21-1号宗地,商业用地、商务用地,168214,≤758932.5,265640,重庆渝富资产经营管理集团有限公司,2014年6月19日,265640,挂牌
大渡口区大渡口重钢片区组团L分区L11、L13、L9号宗地,商业用地、商务用地,141202,≤510793.4,178791,重庆渝富资产经营管理集团有限公司,2014年6月19日,178791,挂牌
大渡口区大渡口重钢片区组团L分区L18、L20-2、L23号宗地,二类居住用地,98877,≤346024,96901,重庆渝富资产经营管理集团有限公司,2014年6月19日,96901,挂牌
大渡口区大渡口重钢片区组团L分区L10-2、L14号宗地,二类居住用地,99671,≤312620.6,87547,重庆渝富资产经营管理集团有限公司,2014年6月19日,87547,挂牌
大渡口区大渡口重钢片区组团L分区L29-1、L31-1号宗地,二类居住用地,103479,≤369385.7,92360,重庆渝富资产经营管理集团有限公司,2014年6月18日,92360,挂牌
大渡口区大渡口重钢片区组团F分区F11-3/03、F10-1/03、F12-3/03、F10-6/03、F10-2/03、F9-10/03号宗地,二类居住用地、商业用地、商务用地,199722,≤662030,165521,重庆渝富资产经营管理集团有限公司,2014年6月18日,165521,挂牌
大渡口区大渡口重钢片区组团V分区V30-1/03、V30-2/03号宗地,二类居住用地、商业用地、商务用地,145912,≤642523,160645,重庆渝富资产经营管理集团有限公司,2014年6月18日,160645,挂牌
九龙坡区二郎科技新城组团C分区C3-4-1/02号宗地,二类居住用地、商业用地、商务用地,48684,≤204477,62561,中铁十一局集团房地产开发有限公司,2014年5月16日,95000,拍卖
巴南区界石组团T分区T4-4/02、T4-5/02、T4-6/02号宗地,二类工业用地,162019,≥1.0,15711,重庆曙光宇特建设发展有限公司,2014年5月16日,15711,挂牌
巴南区南彭功能区组团A分区A2-1/01、A6-3/01、A8-1/01号宗地,物流仓储用地,290720,≤2.0,8722,重庆华南城有限公司,2014年5月12日,8722,挂牌
巴南区南彭功能区组团A分区A24-1/01号宗地,二类工业用地,177487,≥0.7,5112,重庆公路运输（集团）有限公司,2014年5月13日,13600,拍卖
九龙坡区西彭组团R分区R70-1/02号宗地,二类工业用地,23416,≥0.7,2286,重庆福芝生汽车配件有限公司,2014年5月12日,2286,挂牌
九龙坡区西彭组团L标准分区5/01号（部分5）宗地,二类工业用地,7522,≥0.7,714,重庆霸之力机械制造有限公司,2014年5月12日,714,挂牌
九龙坡区西彭组团L标准分区5/01号（部分4）宗地,二类工业用地,8991,≥0.7,726,重庆庆工动霸机械制造有限公司,2014年5月12日,730,拍卖
九龙坡区西彭组团L标准分区5/01号（部分3）宗地,二类工业用地,7365,≥0.7,706,重庆优梦建筑租赁有限公司,2014年5月12日,706,挂牌
九龙坡区西彭组团L标准分区5/01号（部分2）宗地,二类工业用地,10560,≥0.7,839,重庆攀环商贸有限公司,2014年5月12日,839,挂牌
九龙坡区西彭组团L标准分区5/01号（部分1）宗地,二类工业用地,10563,≥0.7,849,重庆申仑机械制造有限公司,2014年5月12日,849,挂牌
高新区西永Q（部分）、S、T（部分）、U（部分）组团C分区C11-5-1/02（部分2）号宗地,一类工业用地,8396,≥1.0,630,重庆金凤电子信息产业有限公司,2014年5月29日,630,挂牌
九龙坡区金凤电子信息产业园区组团C分区C11-16-1/02（部分4）号宗地,一类工业用地,4601,≥1.0,338,新武精密机械维修（重庆）有限公司,2014年5月29日,338,挂牌
九龙坡区西永组团C分区C11-7-1/02号宗地,一类工业用地,2423,≥1.0,128,重庆双嘉劲悦仓储有限公司,2014年5月29日,128,挂牌
九龙坡区西永组团Ad分区Ad12-3/01-2号地块,一类工业用地,46548,≥1.0,3492,重庆市京凤机动车检测有限公司,2014年5月29日,3492,挂牌
北部新区B标准分区B18-1/03号宗地,二类居住用地,138734,≤346838,104607,重庆康田雍俊房地产开发有限公司,2014年5月19日,108000,拍卖
北部新区B标准分区B14-7-1/04号宗地,二类居住用地,127762,≤191645,96078,重庆中俊投资有限公司,2014年5月19日,105000,拍卖
北部新区B标准分区B13-5/04、B13-1-1-1/01号宗地,二类居住用地,80758,≤201896,60569,重庆永利置业有限公司,2014年5月19日,60569,挂牌
北部新区B标准分区B10-5/02、B17-2/02号宗地,二类居住用地,127271,≤254542,95454,重庆永利置业有限公司,2014年5月19日,95454,挂牌
北部新区B标准分区B1-1/03、B13-1-1-2/01号宗地,二类居住用地,182390,≤455975,137705,重庆永利置业有限公司,2014年5月19日,137705,挂牌
巴南区巴南组团B分区B5-1/04、B4-1/06号宗地,二类居住用地,83094,≤211797,44478,重庆斌鑫集团有限公司,2014年5月16日,44478,挂牌
北部新区礼嘉组团A标准分区A69-7/05、A69-8/04、A69-11/04、礼嘉组团B标准分区B21-2/04号宗地,一类居住用地、二类居住用地、商业用地,217948,≤550122,106000,深圳华侨城股份有限公司,2014年6月3日,106000,挂牌
南岸区茶园组团B分区52/04、51-1/03、51-5/03地块,二类居住用地、服务设施用地,122286,≤238506,61849,上益投资有限公司,2014年5月29日,拍卖,77500
沙坪坝区沙坪坝组团B标准分区B10-2/01号宗地,二类居住用地、商业用地、商务用地,7825,≤27388,10681,重庆宏信实业有限公司,2014年5月29日,17200,拍卖
巴南区A1-2/01号宗地,加油站用地,11909,按规划要求,5741,重庆市城市建设投资（集团）有限公司,2014-5-29,5741,挂牌
北部新区鸳鸯组团I标准分区I14-3/02（部分）地块,城市轨道交通用地，二类居住用地，商业用地，商务用地,284088,≤830000（不含现状轨道交通设施建筑面积）,219885,重庆市轨道交通（集团）有限公司、重庆盛怀房地产开发,2014年5月29日,219885,挂牌
两江新区鱼嘴组团F标准分区F30-1/02、F31-1/02号地块,二类工业用地,64614,≤2.0,1629,重庆两江新区鱼复工业园建设投资有限公司,2014年5月29日,1629,挂牌
两江新区龙兴组团B标准分区B1-1/01号（部分一）地块,二类工业用地,19111,≥0.7,717,重庆达顶汽车配件有限公司,2014年5月29日,717,挂牌
两江新区龙兴组团B标准分区B1-1/01号（部分二）地块,二类工业用地,20239,≥0.7,668,重庆诺贝尔福基机电有限公司,2014年5月29日,668,挂牌
沙坪坝区西永组团S标准分区S12-1/01（部分）地块,二类工业用地,41693,≥0.7,1602,重庆博泽汽车部件有限公司,2014年5月29日,1602,挂牌
九龙坡区西永Q（部分）、S、T（部分）、U（部分）组团C分区C11-5-1/02（部分1）号宗地,一类工业用地,20952,≥1.0,1572,重庆市行安电子科技有限公司,2014年5月29日,1572,挂牌
巴南区民主工贸园D分区D2-3/03号、D2-6-2/05号宗地,二类居住用地、商业用地、商务用地,103716,≤237712.5,66681,重庆亿尊投资有限公司,2014年5月7日,66681,挂牌
巴南区南彭功能区组团A分区A23-1/01号宗地,物流仓储用地,163581,≤2.0,4712,重庆公路运输（集团）有限公司,2014年5月7日,4712,挂牌
两江新区水土组团B标准分区B78-2/01号宗地,加油站用地,3379,按规划要求,1261,重庆中油两江发展有限公司,2014年5月4日,1261,挂牌
两江新区水土组团A标准分区A29-4/01号宗地,加油加气站用地,3898,按规划要求,1447,重庆中油两江发展有限公司,2014年5月4日,1447,挂牌
两江新区鱼复组团C标准分区C10-5/02号宗地,加油站用地,3360,按规划要求,1443,中国石油天然气股份有限公司重庆销售分公司,2014年5月4日,1443,挂牌
两江新区鱼复组团C标准分区C6-6/01号宗地,加油站用地,2496,按规划要求,936,重庆中油两江发展有限公司,2014年5月4日,936,挂牌
两江新区唐家沱组团G分区G4-1/05号地块,B1B2（商业商务用地）,41901,≤96372.3,35825,重庆市保税港区世隆投资管理有限公司,2014年5月4日,35825,挂牌
南岸区茶园-鹿角组团I分区24-2/03、24-3/03、25-2/03（局部）地块,二类居住,91481,≤164666.74,32934,重庆市金科宸居置业有限公司,2014年5月4日,33200,拍卖
两江新区两路组团A分区A123/02（东北角部分）地块,R2B1B2-商住混合用地（不含B22-艺术传媒产业用地）,13991,≤55964,8955,重庆首成房地产开发有限公司,2014年4月24日,10600,拍卖
两江新区两路组团K分区K11-1/02号地块,一类工业用地兼容一类仓储用地,138978,≤2.0,8735,重庆普庆仓储服务有限公司,2014年4月24日,8735,挂牌
大渡口区大渡口组团N分区N13-4/02号宗地,加气站用地,6752,按规划要求,3818,重庆燃气集团股份有限公司,2014年4月18日,3818,挂牌
南岸区茶园组团W分区W7-3/03、W3-14/03、W3-16/03、W3-18/03、W3-10/03、W3-11/03、W3-12/03地块,二类居住用地、商业用地、商务用地,198299,≤353214.8,151512,重庆市广阳岛开发投资有限公司,2014年4月18日,151512,挂牌
南岸区茶园组团B分区51-2/03、51-3/03地块,商住,84784,≤169568,42392,上益投资有限公司,2014年4月11日,62000,拍卖
巴南区界石组团N分区N02/02、N04/02、N06-1/02、N11-2/02号宗地,二类居住用地,181090,≤452725,90545,重庆远涞投资管理有限公司,2014年4月11日,108000,拍卖
巴南区李家沱组团龙洲湾M分区M3-1/02号宗地,二类居住用地、商业用地,34763,≤69526,15296,重庆斌鑫伟祺置业有限公司,2014年4月11日,15296,挂牌
沙坪坝区西永组团B标准分区B3-2-3/01号宗地,加油加气站用地,3075,按规划要求,1153,重庆东银壳牌石化有限公司,2014年4月11日,1153,挂牌
两江新区两路组团K标准分区K02-1/02地块,一类工业兼容一类物流仓储用地,143827,≤2.0,9062,重庆传云物联网技术有限公司,2014年4月11日,9062,挂牌
沙坪坝区西永组团X分区X28-04/02号宗地（部分二）,物流仓储用地,90836,≤2,7472,重庆轩辉物流有限公司,2014年4月11日,7472,挂牌
沙坪坝区西永组团M标准分区M23-2/01（部分）地块,二类工业用地兼容一类工业用地,21550,≥0.7,830,重庆西域汽车电子检控设备制造有限责任公司,2014年4月8日,830,挂牌
九龙坡区西彭组团R分区R36-01/01号宗地,二类工业用地,34353,≥1.0,2688,重庆市明鑫机械制造有限公司,2014年4月8日,2688,拍卖
九龙坡区西彭组团J标准分区J41-3/01号宗地,二类工业用地,39011,≥0.7,2214,重庆江达铝合金轮圈有限公司,2014年4月8日,2214,挂牌
两江新区两路组团J分区J21-1/04地块,一类工业兼容一类物流仓储用地,41980,≤2.0,6801,喜地山国际控股有限公司,2014年4月8日,6801,挂牌
九龙坡区大杨石组团O分区O-2-7/03号宗地,二类居住用地、商业用地,10470,≤26175,8890,重庆弘扬房地产开发有限公司,2014年3月25日,10000,拍卖
江北区唐家沱组团E分区E25-1/04号宗地,R2/A2(二类居住用地兼容文化设施用地),8178,≤32716,3951,重庆市利百旺房地产开发有限公司,2014年3月25日,3951,拍卖
九龙坡区走马功能区分区18-10/01号（部分1）宗地,一类物流仓储用地、二类物流仓储用地,12964,≤2.0,1314,重庆中帆运输有限公司,2014年3月25日,1314,挂牌
九龙坡区走马功能区分区18-8/01号（部分2）宗地,一类物流仓储用地、二类物流仓储用地,18873,≤2.0,2170,重庆中帆运输有限公司,2014年3月25日,2170,挂牌
九龙坡区走马功能区分区18-10/01号（部分4）宗地,一类物流仓储用地、二类物流仓储用地,13457,≤2.0,1366,重庆中帆运输有限公司,2014年3月25日,1366,挂牌
九龙坡区走马功能区分区18-7/01号宗地,一类物流仓储用地、二类物流仓储用地,71779,≤2.0,6805,重庆走马投资有限公司,2014年3月25日,6805,挂牌
经开区长生组团J分区J4-3/02号局部宗地,二类工业用地,5830,≥0.7,466,重庆跨世纪汽车维修有限公司,2014年3月12日,466,挂牌
巴南区南彭功能区组团A标准分区A4-1/01、A6-4/01、A8-1/01号宗地,物流仓储用地,374553,≤2.0,11240,重庆华南城有限公司,2014年3月12日,11240,挂牌
